,Name,Header,Price_Per_Night,Superhost,Rating,Review,Rooms_info,Link,Area,Home_type,Guests,Bedrooms,Beds,Rooms_info2,Bathroom,Latitude,Longitude
0,"TTS Lake Villa @ Broga, Semenyih",Villa in Semenyih,1927.0,1,4.86,96.0,16+ guests 4 bedrooms 15 beds 3 baths,https://www.airbnb.com/rooms/52588088?adults=1&children=0&infants=0&pets=0&check_in=2023-02-27&check_out=2023-03-04&previous_page_section_name=1000,Semenyih,Villa,16.0,4,15.0,16+ guests 4 bedrooms 15 beds 3 baths,3.0,2.9473911,101.8459911
1,"TTS Beach Village @ Broga, Semenyih",Villa in Semenyih,3138.0,1,5.0,15.0,16+ guests 5 bedrooms 22 beds 6 baths,https://www.airbnb.com/rooms/730868873944617252?adults=1&children=0&infants=0&pets=0&check_in=2023-02-27&check_out=2023-03-04&previous_page_section_name=1000,Semenyih,Villa,16.0,5,22.0,16+ guests 5 bedrooms 22 beds 6 baths,6.0,2.9473911,101.8459911
2,Mountain view villa with entertainment room,Villa in Semenyih,1716.0,0,4.6,15.0,16+ guests 6 bedrooms 6 beds 4 baths,https://www.airbnb.com/rooms/612844594370537114?adults=1&children=0&infants=0&pets=0&check_in=2023-02-06&check_out=2023-02-11&previous_page_section_name=1000,Semenyih,Villa,16.0,6,6.0,16+ guests 6 bedrooms 6 beds 4 baths,4.0,2.9473911,101.8459911
3,"Wabi Sabian Broga ‰æòÂØÇ„ÅÆÂ±Ö, „Çè„Å≥„Éª„Åï„Å≥„ÅÆ„ÅÑ organic farmstay",Cottage in Lenggeng,1145.0,0,4.86,22.0,8 guests 2 bedrooms 8 beds 5 baths,https://www.airbnb.com/rooms/604167240635129410?adults=1&children=0&infants=0&pets=0&check_in=2023-02-06&check_out=2023-02-11&previous_page_section_name=1000,Lenggeng,Cottage,8.0,2,8.0,8 guests 2 bedrooms 8 beds 5 baths,5.0,2.861427,101.943388
4,"Forest House Broga Ê£Æ„ÅÆÂ±Ö„Ç∑„É≥„ÅÆ„ÅÑ sh-in-no-i, Semenyih",Cottage in Lenggeng,1019.0,0,4.5,50.0,8 guests 2 bedrooms 8 beds 4.5 baths,https://www.airbnb.com/rooms/45835146?adults=1&children=0&infants=0&pets=0&check_in=2023-02-06&check_out=2023-02-11&previous_page_section_name=1000,Lenggeng,Cottage,8.0,2,8.0,8 guests 2 bedrooms 8 beds 4.5 baths,4.5,2.861427,101.943388
5,Begonia's site,Home in Semenyih,916.0,1,4.82,124.0,12 guests 4 bedrooms 5 beds 3 baths,https://www.airbnb.com/rooms/31909799?adults=1&children=0&infants=0&pets=0&check_in=2023-02-19&check_out=2023-02-24&previous_page_section_name=1000,Semenyih,Home,12.0,4,5.0,12 guests 4 bedrooms 5 beds 3 baths,3.0,2.9473911,101.8459911
6,Ecohill Walk Broga Hill Semenyih Ascotte Boulevard,Apartment in Semenyih,358.0,1,4.89,28.0,8 guests 3 bedrooms 4 beds 2 baths,https://www.airbnb.com/rooms/592648003762926355?adults=1&children=0&infants=0&pets=0&check_in=2023-02-17&check_out=2023-02-24&previous_page_section_name=1000,Semenyih,Apartment,8.0,3,4.0,8 guests 3 bedrooms 4 beds 2 baths,2.0,2.9473911,101.8459911
7,"Ascotte Boulevard 96 Âñú‰πêÊ∞ëÂÆø Semenyih,Selangor.",Apartment in Semenyih,137.0,0,4.74,116.0,7 guests 3 bedrooms 8 beds 2.5 baths,https://www.airbnb.com/rooms/22178469?adults=1&children=0&infants=0&pets=0&check_in=2023-02-05&check_out=2023-02-11&previous_page_section_name=1000,Semenyih,Apartment,7.0,3,8.0,7 guests 3 bedrooms 8 beds 2.5 baths,2.5,2.9473911,101.8459911
8,(NEW) Broga-Semenyih 5R3B Luxury Homestay‰∏≠ÊñáÊàø‰∏ú,Home in Semenyih,356.0,0,4.9,40.0,14 guests 5 bedrooms 8 beds 3 baths,https://www.airbnb.com/rooms/38083407?adults=1&children=0&infants=0&pets=0&check_in=2023-02-12&check_out=2023-02-17&previous_page_section_name=1000,Semenyih,Home,14.0,5,8.0,14 guests 5 bedrooms 8 beds 3 baths,3.0,2.9473911,101.8459911
9,Anjung Serene + Private Pool (10 pax) @ Semenyih,Home in Semenyih,890.0,1,4.94,80.0,10 guests 4 bedrooms 4 beds 3 baths,https://www.airbnb.com/rooms/53267305?adults=1&children=0&infants=0&pets=0&check_in=2023-02-05&check_out=2023-02-10&previous_page_section_name=1000,Semenyih,Home,10.0,4,4.0,10 guests 4 bedrooms 4 beds 3 baths,3.0,2.9473911,101.8459911
10,BROGA BLISS ECO GARDEN - Pearl Private Unit,Cottage in Broga,2054.0,0,4.83,12.0,16+ guests 2 bedrooms 20 beds 5 baths,https://www.airbnb.com/rooms/35183935?adults=1&children=0&infants=0&pets=0&check_in=2023-02-03&check_out=2023-02-08&previous_page_section_name=1000,Broga,Cottage,16.0,2,20.0,16+ guests 2 bedrooms 20 beds 5 baths,5.0,2.9365953,101.9111952
11,Melody 3-bedroom residential home,Home in Semenyih,134.0,0,4.56,18.0,6 guests 3 bedrooms 4 beds 2 baths,https://www.airbnb.com/rooms/54216451?adults=1&children=0&infants=0&pets=0&check_in=2023-02-03&check_out=2023-02-10&previous_page_section_name=1000,Semenyih,Home,6.0,3,4.0,6 guests 3 bedrooms 4 beds 2 baths,2.0,2.9473911,101.8459911
12,D'Cerrum Serumpun Semenyih Ecohill Banang Kajang,Apartment in Semenyih,197.0,1,4.85,27.0,6 guests 3 bedrooms 4 beds 2 baths,https://www.airbnb.com/rooms/34481669?adults=1&children=0&infants=0&pets=0&check_in=2023-02-05&check_out=2023-02-10&previous_page_section_name=1000,Semenyih,Apartment,6.0,3,4.0,6 guests 3 bedrooms 4 beds 2 baths,2.0,2.9473911,101.8459911
13,Hillside Batu Retreat @ Kuala Kubu Bharu Heights,Villa in Kuala Kubu Baru,898.0,1,4.88,199.0,10 guests 3 bedrooms 8 beds 3 baths,https://www.airbnb.com/rooms/41756823?adults=1&children=0&infants=0&pets=0&check_in=2023-02-19&check_out=2023-02-24&previous_page_section_name=1000,Kuala Kubu Baru,Villa,10.0,3,8.0,10 guests 3 bedrooms 8 beds 3 baths,3.0,3.6371407,101.5730051
14,"Entire condominium-d cerrum Semenyih, Selangor",Apartment in Semenyih,228.0,1,4.86,14.0,4 guests 3 bedrooms 4 beds 2 baths,https://www.airbnb.com/rooms/592143378652805441?adults=1&children=0&infants=0&pets=0&check_in=2023-02-05&check_out=2023-02-10&previous_page_section_name=1000,Semenyih,Apartment,4.0,3,4.0,4 guests 3 bedrooms 4 beds 2 baths,2.0,2.9473911,101.8459911
15,1-2pax Stay@Kajang|Semenyih FREE Wifi/Car Park,Apartment in Semenyih,98.0,0,4.64,42.0,2 guests 1 bedroom 1 bed 1 bath,https://www.airbnb.com/rooms/40567677?adults=1&children=0&infants=0&pets=0&check_in=2023-02-05&check_out=2023-02-10&previous_page_section_name=1000,Semenyih,Apartment,2.0,1,1.0,2 guests 1 bedroom 1 bed 1 bath,1.0,2.9473911,101.8459911
16,Mountain View Getaway House with Pool (Lauhaus),Bungalow in Kuala Kubu Baru,525.0,1,4.76,200.0,6 guests 2 bedrooms 4 beds 1 bath,https://www.airbnb.com/rooms/47368814?adults=1&children=0&infants=0&pets=0&check_in=2023-02-13&check_out=2023-02-18&previous_page_section_name=1000,Kuala Kubu Baru,Bungalow,6.0,2,4.0,6 guests 2 bedrooms 4 beds 1 bath,1.0,3.6371407,101.5730051
17,4 Pax | Peaceful -Couple/Family Getaway @ Semenyih,Condo in Kajang,156.0,0,4.63,43.0,4 guests Studio 2 beds 1 bath,https://www.airbnb.com/rooms/43540716?adults=1&children=0&infants=0&pets=0&check_in=2023-02-05&check_out=2023-02-10&previous_page_section_name=1000,Kajang,Condo,4.0,1,2.0,4 guests Studio 2 beds 1 bath,1.0,2.9948437,101.7896595
18,"Tranquil Abode | Fully AC Apt with WIFI, Netflix",Apartment in Semenyih,225.0,1,4.96,55.0,5 guests 3 bedrooms 3 beds 2 baths,https://www.airbnb.com/rooms/40735496?adults=1&children=0&infants=0&pets=0&check_in=2023-02-11&check_out=2023-02-16&previous_page_section_name=1000,Semenyih,Apartment,5.0,3,3.0,5 guests 3 bedrooms 3 beds 2 baths,2.0,2.9473911,101.8459911
19,"Semenyih Family Netflix House‚ú®Broga Hill, Kajang",Condo in Semenyih,222.0,0,4.83,30.0,7 guests 3 bedrooms 4 beds 2 baths,https://www.airbnb.com/rooms/36319105?adults=1&children=0&infants=0&pets=0&check_in=2023-02-20&check_out=2023-02-25&previous_page_section_name=1000,Semenyih,Condo,7.0,3,4.0,7 guests 3 bedrooms 4 beds 2 baths,2.0,2.9473911,101.8459911
20,SAZ GUESTHOUSE - Pool View (A19),Condo in Semenyih,256.0,1,5.0,6.0,4 guests 2 bedrooms 2 beds 1 bath,https://www.airbnb.com/rooms/547728156868581387?adults=1&children=0&infants=0&pets=0&check_in=2023-02-03&check_out=2023-02-08&previous_page_section_name=1000,Semenyih,Condo,4.0,2,2.0,4 guests 2 bedrooms 2 beds 1 bath,1.0,2.9473911,101.8459911
21,Kiara Plaza | Netflix | Semenyih | Broga | Kajang,Apartment in Semenyih,300.0,0,4.85,33.0,6 guests 3 bedrooms 3 beds 2 baths,https://www.airbnb.com/rooms/39040173?adults=1&children=0&infants=0&pets=0&check_in=2023-02-03&check_out=2023-02-08&previous_page_section_name=1000,Semenyih,Apartment,6.0,3,3.0,6 guests 3 bedrooms 3 beds 2 baths,2.0,2.9473911,101.8459911
22,SAZ GUESTHOUSE - Pool View (A22),Guesthouse in Semenyih,253.0,1,5.0,19.0,4 guests 2 bedrooms 2 beds 1 bath,https://www.airbnb.com/rooms/543160395995903934?adults=1&children=0&infants=0&pets=0&check_in=2023-02-06&check_out=2023-02-11&previous_page_section_name=1000,Semenyih,Guesthouse,4.0,2,2.0,4 guests 2 bedrooms 2 beds 1 bath,1.0,2.9473911,101.8459911
23,Bangi/4-7pax/Cozy Studio/GMI/UKM/KTM/TvBox,Condo in Bangi,110.0,1,4.97,39.0,7 guests Studio 3 beds 1 bath,https://www.airbnb.com/rooms/676315931393827820?adults=1&children=0&infants=0&pets=0&check_in=2023-02-03&check_out=2023-02-08&previous_page_section_name=1000,Bangi,Condo,7.0,1,3.0,7 guests Studio 3 beds 1 bath,1.0,2.90398245,101.78602883608005
24,"Eco Staycation (ÊôßÊÅ¨Â∞èÁ≠ë)/4BR/8-12 Pax, karaoke & BBQ",Home in Semenyih,499.0,1,4.95,38.0,12 guests 4 bedrooms 3 beds 3 baths,https://www.airbnb.com/rooms/35917990?adults=1&children=0&infants=0&pets=0&check_in=2023-02-05&check_out=2023-02-10&previous_page_section_name=1000,Semenyih,Home,12.0,4,3.0,12 guests 4 bedrooms 3 beds 3 baths,3.0,2.9473911,101.8459911
25,Homes in Semenyih Ecohill walk Eco majestic,Vacation home in Semenyih,297.0,0,0.0,0.0,7 guests 3 bedrooms 4 beds 2 baths,https://www.airbnb.com/rooms/626321439955693756?adults=1&children=0&infants=0&pets=0&check_in=2023-02-05&check_out=2023-02-10&previous_page_section_name=1000,Semenyih,Vacation home,7.0,3,4.0,7 guests 3 bedrooms 4 beds 2 baths,2.0,2.9473911,101.8459911
26,1-3pax 5Min to MRT Bt 11 Landmark Residence Cheras,Condo in Kajang,98.0,1,4.71,7.0,3 guests 1 bedroom 1 bed 1 bath,https://www.airbnb.com/rooms/751801070191087890?adults=1&children=0&infants=0&pets=0&check_in=2023-02-03&check_out=2023-02-08&previous_page_section_name=1000,Kajang,Condo,3.0,1,1.0,3 guests 1 bedroom 1 bed 1 bath,1.0,2.9948437,101.7896595
27,8-12px Karaoke/BBQ/Family Gathering/Photoshoot,Villa in Semenyih,555.0,0,5.0,4.0,12 guests 3 bedrooms 5 beds 2.5 baths,https://www.airbnb.com/rooms/578438529620611992?adults=1&children=0&infants=0&pets=0&check_in=2023-02-03&check_out=2023-02-08&previous_page_section_name=1000,Semenyih,Villa,12.0,3,5.0,12 guests 3 bedrooms 5 beds 2.5 baths,2.5,2.9473911,101.8459911
28,*RUI {New} 2brJapanese 4 pax Free Netflix Wifi,Condo in Nilai,119.0,1,4.85,54.0,4 guests 2 bedrooms 2 beds 2 baths,https://www.airbnb.com/rooms/53932609?adults=1&children=0&infants=0&pets=0&check_in=2023-02-10&check_out=2023-02-15&previous_page_section_name=1000,Nilai,Condo,4.0,2,2.0,4 guests 2 bedrooms 2 beds 2 baths,2.0,2.8023079,101.7995013
29,Casa Impian Tiny house @ Broga Hill view,Tiny home in Lenggeng,344.0,0,4.8,5.0,5 guests 1 bedroom 2 beds 1 bath,https://www.airbnb.com/rooms/645044552537727643?adults=1&children=0&infants=0&pets=0&check_in=2023-02-06&check_out=2023-02-11&previous_page_section_name=1000,Lenggeng,Tiny home,5.0,1,2.0,5 guests 1 bedroom 2 beds 1 bath,1.0,2.861427,101.943388
30,Sepang Goldcoast Palm Tree 2 bedroom Family Villa,Bungalow in Sungai Pelek,525.0,0,4.51,59.0,4 guests 2 bedrooms 3 beds 2.5 baths,https://www.airbnb.com/rooms/48408007?adults=1&children=0&infants=0&pets=0&check_in=2023-02-06&check_out=2023-02-11&previous_page_section_name=1000,Sungai Pelek,Bungalow,4.0,2,3.0,4 guests 2 bedrooms 3 beds 2.5 baths,2.5,2.6449074,101.7170375
31,Cozy Terrace House with gardens @EcohillSemenyih,Home in Semenyih,368.0,0,0.0,0.0,8 guests 4 bedrooms 5 beds 3 baths,https://www.airbnb.com/rooms/728681274530672873?adults=1&children=0&infants=0&pets=0&check_in=2023-02-20&check_out=2023-02-25&previous_page_section_name=1000,Semenyih,Home,8.0,4,5.0,8 guests 4 bedrooms 5 beds 3 baths,3.0,2.9473911,101.8459911
32,Symphony Tower 35 Soho/High Floor Night View/Private Parking/WiFi/TV Box,Condo in Seri Kembangan,123.0,1,4.89,9.0,2 guests 1 bedroom 1 bed 1.5 baths,https://www.airbnb.com/rooms/712219520838119549?adults=1&children=0&infants=0&pets=0&check_in=2023-02-05&check_out=2023-02-10&previous_page_section_name=1000,Seri Kembangan,Condo,2.0,1,1.0,2 guests 1 bedroom 1 bed 1.5 baths,1.5,3.0340649,101.7055684
33,Private room in Kajang,Private room in Kajang,79.0,1,4.71,7.0,1 guest 1 bedroom 1 bed 1.5 shared baths,https://www.airbnb.com/rooms/752668842635079352?adults=1&children=0&infants=0&pets=0&check_in=2023-02-04&check_out=2023-02-09&previous_page_section_name=1000,Kajang,Private room,1.0,1,1.0,1 guest 1 bedroom 1 bed 1.5  baths,1.0,2.9948437,101.7896595
34,Duplex Cyber View Apartment,Vacation home in Cyberjaya,98.0,1,0.0,0.0,4 guests 1 bedroom 1 bed 1 bath,https://www.airbnb.com/rooms/701097030639357096?adults=1&children=0&infants=0&pets=0&check_in=2023-02-12&check_out=2023-02-17&previous_page_section_name=1000,Cyberjaya,Vacation home,4.0,1,1.0,4 guests 1 bedroom 1 bed 1 bath,1.0,2.9338908,101.6455587
35,"Landmark 2.14: Sg long, kajang, Wi-Fi",Apartment in Kajang,85.0,1,0.0,0.0,2 guests Studio 1 bed 1 bath,https://www.airbnb.com/rooms/797800221152020587?adults=1&children=0&infants=0&pets=0&check_in=2023-02-05&check_out=2023-02-10&previous_page_section_name=1000,Kajang,Apartment,2.0,1,1.0,2 guests Studio 1 bed 1 bath,1.0,2.9948437,101.7896595
36,Apartment with cat boarding,Private room in Semenyih,64.0,0,0.0,0.0,1 guest 1 bedroom 1 bed Shared half-bath,https://www.airbnb.com/rooms/735268700592788369?adults=1&children=0&infants=0&pets=0&check_in=2023-02-03&check_out=2023-02-08&previous_page_section_name=1000,Semenyih,Private room,1.0,1,1.0,1 guest 1 bedroom 1 bed  half-bath,1.0,2.9473911,101.8459911
37,Flex Home by ABHOME,Apartment in Semenyih,195.0,0,4.0,3.0,6 guests 3 bedrooms 3 beds 2 baths,https://www.airbnb.com/rooms/53319107?adults=1&children=0&infants=0&pets=0&check_in=2023-02-04&check_out=2023-02-09&previous_page_section_name=1000,Semenyih,Apartment,6.0,3,3.0,6 guests 3 bedrooms 3 beds 2 baths,2.0,2.9473911,101.8459911
39,HA1004 | Cyberjaya-Sanitised-Netflix-Wifi-Parking,Condo in Cyberjaya,86.0,1,4.88,42.0,4 guests Studio 1 bed 1 bath,https://www.airbnb.com/rooms/51877142?adults=1&children=0&infants=0&pets=0&check_in=2023-02-05&check_out=2023-02-10&previous_page_section_name=1000,Cyberjaya,Condo,4.0,1,1.0,4 guests Studio 1 bed 1 bath,1.0,2.9338908,101.6455587
40,#HSAR S&THomezÁõõÂ©∑Ê∞ëÂÆø Horizon Suite WiFi&NetFlix KLIA,Apartment in Sepang,94.0,0,0.0,0.0,2 guests 1 bedroom 1 bed 1 bath,https://www.airbnb.com/rooms/814749211417309545?adults=1&children=0&infants=0&pets=0&check_in=2023-02-05&check_out=2023-02-11&previous_page_section_name=1000,Sepang,Apartment,2.0,1,1.0,2 guests 1 bedroom 1 bed 1 bath,1.0,2.76020875,101.73686570150568
41,"#1 Homestay di Bangi, SunsetView by InfinityPool",Apartment in Kajang,104.0,0,4.78,139.0,3 guests Studio 1 bed 1 bath,https://www.airbnb.com/rooms/41785377?adults=1&children=0&infants=0&pets=0&check_in=2023-02-05&check_out=2023-02-11&previous_page_section_name=1000,Kajang,Apartment,3.0,1,1.0,3 guests Studio 1 bed 1 bath,1.0,2.9948437,101.7896595
43,*UKA New Japanese 2 bedroom 4px Free Netflix nilai,Condo in Nilai,115.0,1,4.95,80.0,4 guests 2 bedrooms 2 beds 2 baths,https://www.airbnb.com/rooms/49390322?adults=1&children=0&infants=0&pets=0&check_in=2023-02-11&check_out=2023-02-16&previous_page_section_name=1000,Nilai,Condo,4.0,2,2.0,4 guests 2 bedrooms 2 beds 2 baths,2.0,2.8023079,101.7995013
44,HomeStaytion @ Semenyih,Bungalow in Lenggeng,217.0,0,0.0,0.0,14 guests 4 bedrooms 4 beds 2 baths,https://www.airbnb.com/rooms/577290046963095416?adults=1&children=0&infants=0&pets=0&check_in=2023-02-05&check_out=2023-02-12&previous_page_section_name=1000,Lenggeng,Bungalow,14.0,4,4.0,14 guests 4 bedrooms 4 beds 2 baths,2.0,2.861427,101.943388
45,Spacious Villa | 6BR | Swimming Pool | BBQ,Bungalow in Seremban,1255.0,0,4.65,21.0,16+ guests 6 bedrooms 6 beds 4.5 baths,https://www.airbnb.com/rooms/20213875?adults=1&children=0&infants=0&pets=0&check_in=2023-03-25&check_out=2023-03-30&previous_page_section_name=1000,Seremban,Bungalow,16.0,6,6.0,16+ guests 6 bedrooms 6 beds 4.5 baths,4.5,2.7187881,101.9404509
46,Japanese Villa in Hulu Langat,Place to stay in Hulu Langat,686.0,0,0.0,0.0,6 guests 3 bedrooms 4 beds 2 baths,https://www.airbnb.com/rooms/803251482347740461?adults=1&children=0&infants=0&pets=0&check_in=2023-02-12&check_out=2023-02-17&previous_page_section_name=1000,Hulu Langat,Place to stay,6.0,3,4.0,6 guests 3 bedrooms 4 beds 2 baths,2.0,3.083333,101.833333
47,"Windmill 2BR, Free Parking Genting View",Condo in Genting Highlands,157.0,0,4.81,186.0,6 guests 2 bedrooms 2 beds 2 baths,https://www.airbnb.com/rooms/45692920?adults=1&children=0&infants=0&pets=0&check_in=2023-02-04&check_out=2023-02-09&previous_page_section_name=1000,Genting Highlands,Condo,6.0,2,2.0,6 guests 2 bedrooms 2 beds 2 baths,2.0,3.4237725,101.7935591
48,"Bangi Suite Free wifi, Unifi TV and Airport taxi*",Condo in Bandar Baru Bangi,99.0,1,4.88,121.0,4 guests Studio 1 bed 1 bath,https://www.airbnb.com/rooms/21525528?adults=1&children=0&infants=0&pets=0&check_in=2023-02-05&check_out=2023-02-10&previous_page_section_name=1000,Bandar Baru Bangi,Condo,4.0,1,1.0,4 guests Studio 1 bed 1 bath,1.0,2.9540793,101.78100179726445
49,"EkoCheras, #DuplexStudio#Cozy#Comfy#Netflix#U-tube",Loft in Kuala Lumpur,141.0,1,5.0,4.0,3 guests 1 bedroom 1 bed 1 bath,https://www.airbnb.com/rooms/751428381619338655?adults=1&children=0&infants=0&pets=0&check_in=2023-02-04&check_out=2023-02-09&previous_page_section_name=1000,Kuala Lumpur,Loft,3.0,1,1.0,3 guests 1 bedroom 1 bed 1 bath,1.0,3.1516964,101.6942371
50,BROGA BLISS ECO GARDEN - Gems Private Unit,Cottage in Broga,1096.0,0,4.67,18.0,10 guests 3 bedrooms 10 beds 4 baths,https://www.airbnb.com/rooms/34998752?adults=1&children=0&infants=0&pets=0&check_in=2023-02-04&check_out=2023-02-11&previous_page_section_name=1000,Broga,Cottage,10.0,3,10.0,10 guests 3 bedrooms 10 beds 4 baths,4.0,2.9365953,101.9111952
51,[BEST CHOICE] Perfect for Businessman in Bangi,Apartment in Bangi,97.0,0,4.42,38.0,2 guests Studio 1 bed 1 bath,https://www.airbnb.com/rooms/42107764?adults=1&children=0&infants=0&pets=0&check_in=2023-02-04&check_out=2023-02-11&previous_page_section_name=1000,Bangi,Apartment,2.0,1,1.0,2 guests Studio 1 bed 1 bath,1.0,2.90398245,101.78602883608005
52,"Landmark 2.8: Free parking, Wi-Fi",Condo in Kajang,85.0,1,4.96,47.0,2 guests Studio 1 bed 1 bath,https://www.airbnb.com/rooms/53633601?adults=1&children=0&infants=0&pets=0&check_in=2023-02-05&check_out=2023-02-10&previous_page_section_name=1000,Kajang,Condo,2.0,1,1.0,2 guests Studio 1 bed 1 bath,1.0,2.9948437,101.7896595
53,Garden Guest House,Villa in Beranang,345.0,0,4.53,30.0,12 guests 5 bedrooms 7 beds 4 baths,https://www.airbnb.com/rooms/15196938?adults=1&children=0&infants=0&pets=0&check_in=2023-02-10&check_out=2023-02-16&previous_page_section_name=1000,Beranang,Villa,12.0,5,7.0,12 guests 5 bedrooms 7 beds 4 baths,4.0,2.8746114,101.8719856
54,Savannahome - feels like home,Vacation home in Sepang,124.0,0,5.0,18.0,2 guests 1 bedroom 1 bed 1.5 baths,https://www.airbnb.com/rooms/637869911955922870?adults=1&children=0&infants=0&pets=0&check_in=2023-05-31&check_out=2023-06-05&previous_page_section_name=1000,Sepang,Vacation home,2.0,1,1.0,2 guests 1 bedroom 1 bed 1.5 baths,1.5,2.76020875,101.73686570150568
55,Brickhouse Bukit Tinggi Bentong,Farm stay in Bentong,3266.0,1,4.9,137.0,16+ guests 8 bedrooms 16 beds 7 baths,https://www.airbnb.com/rooms/27894980?adults=1&children=0&infants=0&pets=0&check_in=2023-03-06&check_out=2023-03-11&previous_page_section_name=1000,Bentong,Farm stay,16.0,8,16.0,16+ guests 8 bedrooms 16 beds 7 baths,7.0,3.3624708,102.0172675
57,Broga Hill Holiday Home,Home in Semenyih,470.0,0,0.0,0.0,10 guests 3 bedrooms 3 beds 2.5 baths,https://www.airbnb.com/rooms/27125515?adults=1&children=0&infants=0&pets=0&check_in=2023-02-06&check_out=2023-02-11&previous_page_section_name=1000,Semenyih,Home,10.0,3,3.0,10 guests 3 bedrooms 3 beds 2.5 baths,2.5,2.9473911,101.8459911
58,"4BR [Penthouse], 65"" Smart TV, 2 Parking @Windmill",Apartment in Genting Highlands,800.0,0,0.0,0.0,13 guests 4 bedrooms 7 beds 3 baths,https://www.airbnb.com/rooms/800638354882510061?adults=1&children=0&infants=0&pets=0&check_in=2023-02-05&check_out=2023-02-10&previous_page_section_name=1000,Genting Highlands,Apartment,13.0,4,7.0,13 guests 4 bedrooms 7 beds 3 baths,3.0,3.4237725,101.7935591
59,Yuk Munggah Homestay 90min from Kuala Lumpur,Home in Tanjong Karang,872.0,1,5.0,4.0,15 guests 4 bedrooms 8 beds 3 baths,https://www.airbnb.com/rooms/785077726727370526?adults=1&children=0&infants=0&pets=0&check_in=2023-02-05&check_out=2023-02-10&previous_page_section_name=1000,Tanjong Karang,Home,15.0,4,8.0,15 guests 4 bedrooms 8 beds 3 baths,3.0,3.3959421499999998,101.21700553434212
60,THE GREEN-SEMENYIH HOMESTAY FAMILY SUITES 8-10 PAX,Home in Semenyih,335.0,0,5.0,4.0,10 guests 4 bedrooms 6 beds 3.5 baths,https://www.airbnb.com/rooms/691748514182091183?adults=1&children=0&infants=0&pets=0&check_in=2023-02-18&check_out=2023-02-23&previous_page_section_name=1000,Semenyih,Home,10.0,4,6.0,10 guests 4 bedrooms 6 beds 3.5 baths,3.5,2.9473911,101.8459911
62,2 Bedroom Corner KL View Unit,Apartment in Kuala Lumpur,153.0,1,0.0,0.0,4 guests 2 bedrooms 2 beds 1.5 baths,https://www.airbnb.com/rooms/817372646924698014?adults=1&children=0&infants=0&pets=0&check_in=2023-02-05&check_out=2023-02-10&previous_page_section_name=1000,Kuala Lumpur,Apartment,4.0,2,2.0,4 guests 2 bedrooms 2 beds 1.5 baths,1.5,3.1516964,101.6942371
63,"Symphony Tower 35 Soho/
High Floor Night View/Private Parking/WiFi/TV Box",Condo in Seri Kembangan,123.0,1,4.89,9.0,2 guests 1 bedroom 1 bed 1.5 baths,https://www.airbnb.com/rooms/712219520838119549?adults=1&children=0&infants=0&pets=0&check_in=2023-02-05&check_out=2023-02-10&previous_page_section_name=1000,Seri Kembangan,Condo,2.0,1,1.0,2 guests 1 bedroom 1 bed 1.5 baths,1.5,3.0340649,101.7055684
64,Stylish High Rise Studio with Skyline Bangi Views,Apartment in Bandar Baru Bangi,114.0,1,4.84,92.0,2 guests Studio 1 bed 1 bath,https://www.airbnb.com/rooms/37336488?adults=1&children=0&infants=0&pets=0&check_in=2023-02-07&check_out=2023-02-12&previous_page_section_name=1000,Bandar Baru Bangi,Apartment,2.0,1,1.0,2 guests Studio 1 bed 1 bath,1.0,2.9540793,101.78100179726445
65,Kepyok (1),Chalet in Beranang,776.0,0,4.89,65.0,4 guests 2 bedrooms 1 bath,https://www.airbnb.com/rooms/3549044?adults=1&children=0&infants=0&pets=0&check_in=2023-02-12&check_out=2023-02-17&previous_page_section_name=1000,Beranang,Chalet,4.0,2,2.0,4 guests 2 bedrooms 1 bath,1.0,2.8746114,101.8719856
66,NOURI VILLA | A Tale of Two Rivers,Villa in Hulu Langat,2995.0,1,4.8,324.0,16+ guests 7 bedrooms 8 beds 8 baths,https://www.airbnb.com/rooms/24212397?adults=1&children=0&infants=0&pets=0&check_in=2023-02-12&check_out=2023-02-17&previous_page_section_name=1000,Hulu Langat,Villa,16.0,7,8.0,16+ guests 7 bedrooms 8 beds 8 baths,8.0,3.083333,101.833333
67,"#De 'Safari Homestay @Tiara Imperio, Bangi",Apartment in Kajang,104.0,1,4.84,106.0,4 guests Studio 4 beds 1 bath,https://www.airbnb.com/rooms/43875118?adults=1&children=0&infants=0&pets=0&check_in=2023-02-03&check_out=2023-02-09&previous_page_section_name=1000,Kajang,Apartment,4.0,1,4.0,4 guests Studio 4 beds 1 bath,1.0,2.9948437,101.7896595
68,"Homestay Residensi Aman
Casa De' Aman 7-13",Condo in Semenyih,194.0,0,4.6,5.0,6 guests 3 bedrooms 3 beds 2 baths,https://www.airbnb.com/rooms/710062463829967389?adults=1&children=0&infants=0&pets=0&check_in=2023-02-03&check_out=2023-02-08&previous_page_section_name=1000,Semenyih,Condo,6.0,3,3.0,6 guests 3 bedrooms 3 beds 2 baths,2.0,2.9473911,101.8459911
69,The Colony Delightful Cozy 1BDR Suite_KLCCviewPool,Apartment in Kuala Lumpur,133.0,0,0.0,0.0,3 guests 1 bedroom 1 bed 1 bath,https://www.airbnb.com/rooms/807796163617151343?adults=1&children=0&infants=0&pets=0&check_in=2023-04-01&check_out=2023-04-07&previous_page_section_name=1000,Kuala Lumpur,Apartment,3.0,1,1.0,3 guests 1 bedroom 1 bed 1 bath,1.0,3.1516964,101.6942371
70,Cheras Modern Studio with Netflix and parking,Condo in Cheras,105.0,1,4.5,4.0,2 guests Studio 1 bed 1 bath,https://www.airbnb.com/rooms/760461476044998082?adults=1&children=0&infants=0&pets=0&check_in=2023-02-05&check_out=2023-02-12&previous_page_section_name=1000,Cheras,Condo,2.0,1,1.0,2 guests Studio 1 bed 1 bath,1.0,3.0991919,101.7374229
71,Vista bangi service apartment,Condo in Kajang,160.0,1,5.0,5.0,3 guests 1 bedroom 1 bed 1.5 baths,https://www.airbnb.com/rooms/560045496517983972?adults=1&children=0&infants=0&pets=0&check_in=2023-02-03&check_out=2023-02-08&previous_page_section_name=1000,Kajang,Condo,3.0,1,1.0,3 guests 1 bedroom 1 bed 1.5 baths,1.5,2.9948437,101.7896595
72,Studio Suite l Perfect Location l 3 mins to KLCC,Apartment in Kuala Lumpur,142.0,0,0.0,0.0,4 guests 1 bedroom 1 bed 1 bath,https://www.airbnb.com/rooms/787283552805366417?adults=1&children=0&infants=0&pets=0&check_in=2023-02-04&check_out=2023-02-09&previous_page_section_name=1000,Kuala Lumpur,Apartment,4.0,1,1.0,4 guests 1 bedroom 1 bed 1 bath,1.0,3.1516964,101.6942371
73,[JAX] New launch Promo 2 pax mesamall Free Parking,Condo in Nilai,93.0,1,4.84,19.0,2 guests 1 bedroom 1 bed 1 bath,https://www.airbnb.com/rooms/601300495548807078?adults=1&children=0&infants=0&pets=0&check_in=2023-02-13&check_out=2023-02-19&previous_page_section_name=1000,Nilai,Condo,2.0,1,1.0,2 guests 1 bedroom 1 bed 1 bath,1.0,2.8023079,101.7995013
74,Duplex apartment | 100 Mbps WiFi | Netflix,Apartment in Cyberjaya,101.0,1,4.57,7.0,2 guests 1 bedroom 1 bed 1.5 baths,https://www.airbnb.com/rooms/4818469?adults=1&children=0&infants=0&pets=0&check_in=2023-02-11&check_out=2023-02-18&previous_page_section_name=1000,Cyberjaya,Apartment,2.0,1,1.0,2 guests 1 bedroom 1 bed 1.5 baths,1.5,2.9338908,101.6455587
75,Two Sungai Residence,Villa in Hulu Langat,2951.0,1,4.83,117.0,16+ guests 8 bedrooms 12 beds 7 baths,https://www.airbnb.com/rooms/45551916?adults=1&children=0&infants=0&pets=0&check_in=2023-04-02&check_out=2023-04-07&previous_page_section_name=1000,Hulu Langat,Villa,16.0,8,12.0,16+ guests 8 bedrooms 12 beds 7 baths,7.0,3.083333,101.833333
76,Port Dickson Holiday Home with Stunning Sea-View,Home in Port Dickson,442.0,1,4.65,139.0,5 guests 2 bedrooms 3 beds 1.5 baths,https://www.airbnb.com/rooms/16521907?adults=1&children=0&infants=0&pets=0&check_in=2023-02-17&check_out=2023-02-22&previous_page_section_name=1000,Port Dickson,Home,5.0,2,3.0,5 guests 2 bedrooms 3 beds 1.5 baths,1.5,2.5228943,101.7945134
78,A20 Studio @ EVO SOHO [WIFI NETFLIX] BANGI,Condo in Bandar Baru Bangi,131.0,0,4.55,75.0,2 guests 1 bedroom 1 bed 1 bath,https://www.airbnb.com/rooms/54224858?adults=1&children=0&infants=0&pets=0&check_in=2023-02-03&check_out=2023-02-09&previous_page_section_name=1000,Bandar Baru Bangi,Condo,2.0,1,1.0,2 guests 1 bedroom 1 bed 1 bath,1.0,2.9540793,101.78100179726445
79,Plateau Farm Sustainable Treehouse Camp@Janda Baik,Treehouse in Bentong,262.0,1,4.84,200.0,2 guests 1 bedroom 1 bed 1 bath,https://www.airbnb.com/rooms/36957885?adults=1&children=0&infants=0&pets=0&check_in=2023-03-05&check_out=2023-03-10&previous_page_section_name=1000,Bentong,Treehouse,2.0,1,1.0,2 guests 1 bedroom 1 bed 1 bath,1.0,3.3624708,102.0172675
83,GlassHouse 325,Vacation home in Bentong,1860.0,1,4.86,63.0,10 guests 4 bedrooms 5 beds 3.5 baths,https://www.airbnb.com/rooms/586029059318509100?adults=1&children=0&infants=0&pets=0&check_in=2023-02-12&check_out=2023-02-17&previous_page_section_name=1000,Bentong,Vacation home,10.0,4,5.0,10 guests 4 bedrooms 5 beds 3.5 baths,3.5,3.3624708,102.0172675
84,IKAN Residence | Hidden Gem Villa with Forest View,Villa in Bentong,3566.0,1,4.92,13.0,16+ guests 6 bedrooms 21 beds 6 baths,https://www.airbnb.com/rooms/727233884641821852?adults=1&children=0&infants=0&pets=0&check_in=2023-02-12&check_out=2023-02-17&previous_page_section_name=1000,Bentong,Villa,16.0,6,21.0,16+ guests 6 bedrooms 21 beds 6 baths,6.0,3.3624708,102.0172675
85,Modern Unit 5min to Pavilion KL,Apartment in Kuala Lumpur,155.0,1,0.0,0.0,5 guests 1 bedroom 1 bed 1 bath,https://www.airbnb.com/rooms/817026950547387845?adults=1&children=0&infants=0&pets=0&check_in=2023-02-05&check_out=2023-02-10&previous_page_section_name=1000,Kuala Lumpur,Apartment,5.0,1,1.0,5 guests 1 bedroom 1 bed 1 bath,1.0,3.1516964,101.6942371
86,La Casa Maya @ Tiara Imperio,Condo in Bangi,133.0,1,0.0,0.0,2 guests 1 bedroom 1 bed 1 bath,https://www.airbnb.com/rooms/817025613695369559?adults=1&children=0&infants=0&pets=0&check_in=2023-02-03&check_out=2023-02-08&previous_page_section_name=1000,Bangi,Condo,2.0,1,1.0,2 guests 1 bedroom 1 bed 1 bath,1.0,2.90398245,101.78602883608005
88,Rumah Hitam Puteh + Private Swimming Pool,Home in Kajang,1232.0,1,5.0,25.0,16+ guests 5 bedrooms 8 beds 4 baths,https://www.airbnb.com/rooms/736047150949594944?adults=1&children=0&infants=0&pets=0&check_in=2023-02-13&check_out=2023-02-18&previous_page_section_name=1000,Kajang,Home,16.0,5,8.0,16+ guests 5 bedrooms 8 beds 4 baths,4.0,2.9948437,101.7896595
89,Spacious 1 bedroom @ Nearby KLCC,Apartment in Kuala Lumpur,124.0,0,0.0,0.0,4 guests 1 bedroom 1 bed 1 bath,https://www.airbnb.com/rooms/739554405064536200?adults=1&children=0&infants=0&pets=0&check_in=2023-02-05&check_out=2023-02-10&previous_page_section_name=1000,Kuala Lumpur,Apartment,4.0,1,1.0,4 guests 1 bedroom 1 bed 1 bath,1.0,3.1516964,101.6942371
90,Landmark 2.2: Queen size bed; Netflix & Parking,Condo in Kajang,99.0,1,4.78,59.0,2 guests Studio 1 bed 1 bath,https://www.airbnb.com/rooms/50039590?adults=1&children=0&infants=0&pets=0&check_in=2023-02-04&check_out=2023-02-10&previous_page_section_name=1000,Kajang,Condo,2.0,1,1.0,2 guests Studio 1 bed 1 bath,1.0,2.9948437,101.7896595
91,1- Selesa Home A13-16 | The Hyve Cyberjaya,Condo in Cyberjaya,126.0,0,4.71,93.0,2 guests 1 bedroom 1 bed 1 bath,https://www.airbnb.com/rooms/22542983?adults=1&children=0&infants=0&pets=0&check_in=2023-02-04&check_out=2023-02-09&previous_page_section_name=1000,Cyberjaya,Condo,2.0,1,1.0,2 guests 1 bedroom 1 bed 1 bath,1.0,2.9338908,101.6455587
92,Rest. Pause. Rainforest Retreat,Villa in Bentong,1186.0,1,4.88,272.0,16+ guests 4 bedrooms 7 beds 4 baths,https://www.airbnb.com/rooms/9437423?adults=1&children=0&infants=0&pets=0&check_in=2023-02-06&check_out=2023-02-11&previous_page_section_name=1000,Bentong,Villa,16.0,4,7.0,16+ guests 4 bedrooms 7 beds 4 baths,4.0,3.3624708,102.0172675
93,"Simfoni 19: Big balcony nice view, WIFI, parking",Condo in Balakong,124.0,1,4.88,78.0,2 guests Studio 1 bed 1 bath,https://www.airbnb.com/rooms/51513059?adults=1&children=0&infants=0&pets=0&check_in=2023-02-04&check_out=2023-02-09&previous_page_section_name=1000,Balakong,Condo,2.0,1,1.0,2 guests Studio 1 bed 1 bath,1.0,3.0291306,101.7472119
94,#HSRL S&THomezÁõõÂ©∑Ê∞ëÂÆø Horizon Suite WiFi&NetFlix KLIA,Apartment in Sepang,117.0,0,0.0,0.0,2 guests 1 bedroom 1 bed 1 bath,https://www.airbnb.com/rooms/813408376219094263?adults=1&children=0&infants=0&pets=0&check_in=2023-02-04&check_out=2023-02-10&previous_page_section_name=1000,Sepang,Apartment,2.0,1,1.0,2 guests 1 bedroom 1 bed 1 bath,1.0,2.76020875,101.73686570150568
96,High Floor @ Evo Bangi FREE Parking/ Pool/ Netflix,Apartment in Bandar Baru Bangi,118.0,1,5.0,6.0,2 guests Studio 1 bed 1 bath,https://www.airbnb.com/rooms/803798055384792179?adults=1&children=0&infants=0&pets=0&check_in=2023-02-04&check_out=2023-02-10&previous_page_section_name=1000,Bandar Baru Bangi,Apartment,2.0,1,1.0,2 guests Studio 1 bed 1 bath,1.0,2.9540793,101.78100179726445
97,Laman Jubilee DBayu,Villa in Mantin,971.0,0,4.33,6.0,16+ guests 4 bedrooms 6 beds 2 baths,https://www.airbnb.com/rooms/680363121603139195?adults=1&children=0&infants=0&pets=0&check_in=2023-02-12&check_out=2023-02-17&previous_page_section_name=1000,Mantin,Villa,16.0,4,6.0,16+ guests 4 bedrooms 6 beds 2 baths,2.0,2.825719,101.893793
99,Spacious Duplex 768sf Unblocked/Swimming Pool View,Apartment in Kajang,121.0,0,0.0,0.0,3 guests Studio 2 beds 2 baths,https://www.airbnb.com/rooms/802621095355647714?adults=1&children=0&infants=0&pets=0&check_in=2023-02-03&check_out=2023-02-09&previous_page_section_name=1000,Kajang,Apartment,3.0,1,2.0,3 guests Studio 2 beds 2 baths,2.0,2.9948437,101.7896595
100,BROGA BLISS ECO GARDEN - Crystal Private Unit,Cottage in Broga,1917.0,0,4.57,14.0,16+ guests 4 bedrooms 20 beds 6 baths,https://www.airbnb.com/rooms/35186116?adults=1&children=0&infants=0&pets=0&check_in=2023-02-06&check_out=2023-02-13&previous_page_section_name=1000,Broga,Cottage,16.0,4,20.0,16+ guests 4 bedrooms 20 beds 6 baths,6.0,2.9365953,101.9111952
101,#6Menara Simfoni@Balakong*STUDIO*Netflix*Aeon/C180,Condo in Cheras,115.0,1,4.87,100.0,3 guests Studio 1 bed 1 bath,https://www.airbnb.com/rooms/45617864?adults=1&children=0&infants=0&pets=0&check_in=2023-02-08&check_out=2023-02-15&previous_page_section_name=1000,Cheras,Condo,3.0,1,1.0,3 guests Studio 1 bed 1 bath,1.0,3.0991919,101.7374229
102,Boutique Style Single Room2Ô∏è‚É£~20 Minutes to KL City!,Private room in Petaling Jaya,64.0,1,4.2,5.0,1 guest 1 bedroom 1 bed 2 shared baths,https://www.airbnb.com/rooms/597651545473615930?adults=1&children=0&infants=0&pets=0&check_in=2023-02-06&check_out=2023-02-12&previous_page_section_name=1000,Petaling Jaya,Private room,1.0,1,1.0,1 guest 1 bedroom 1 bed 2  baths,1.0,3.0991752,101.6450232
103,PJ13 100MbpsSweetStay3Pax ByHapyhome@PJCentrestage,Apartment in Petaling Jaya,101.0,0,0.0,0.0,3 guests 1 bedroom 3 beds 1 bath,https://www.airbnb.com/rooms/814608408909045958?adults=1&children=0&infants=0&pets=0&check_in=2023-03-03&check_out=2023-03-08&previous_page_section_name=1000,Petaling Jaya,Apartment,3.0,1,3.0,3 guests 1 bedroom 3 beds 1 bath,1.0,3.0991752,101.6450232
104,Weekly offer 1BR/Fully Furnished @Arte Mont Kiara,Apartment in Kuala Lumpur,136.0,0,0.0,0.0,2 guests 1 bedroom 1 bed 1 bath,https://www.airbnb.com/rooms/805977669946054535?adults=1&children=0&infants=0&pets=0&check_in=2023-02-05&check_out=2023-02-12&previous_page_section_name=1000,Kuala Lumpur,Apartment,2.0,1,1.0,2 guests 1 bedroom 1 bed 1 bath,1.0,3.1516964,101.6942371
105,Janda Baik 100 year old Refurbished Wooden Villa,Villa in Bentong,325.0,0,4.65,104.0,4 guests Studio 1 bed 1 bath,https://www.airbnb.com/rooms/33859662?adults=1&children=0&infants=0&pets=0&check_in=2023-02-12&check_out=2023-02-17&previous_page_section_name=1000,Bentong,Villa,4.0,1,1.0,4 guests Studio 1 bed 1 bath,1.0,3.3624708,102.0172675
106,One bedroom apartment 25minutes to KLIA.,Apartment in Cyberjaya,111.0,0,4.0,3.0,2 guests 1 bedroom 1 bed 1 bath,https://www.airbnb.com/rooms/740124613857000375?adults=1&children=0&infants=0&pets=0&check_in=2023-02-03&check_out=2023-02-08&previous_page_section_name=1000,Cyberjaya,Apartment,2.0,1,1.0,2 guests 1 bedroom 1 bed 1 bath,1.0,2.9338908,101.6455587
107,Home Sweet Home 2607 Windmill Genting [FREE WIFI],Condo in Genting Highlands,155.0,0,4.59,82.0,7 guests 2 bedrooms 2 beds 2 baths,https://www.airbnb.com/rooms/40670153?adults=1&children=0&infants=0&pets=0&check_in=2023-02-03&check_out=2023-02-08&previous_page_section_name=1000,Genting Highlands,Condo,7.0,2,2.0,7 guests 2 bedrooms 2 beds 2 baths,2.0,3.4237725,101.7935591
108,SR Studio @ EVO SOHO üòç TV WiFi NETFLIX,Apartment in Bandar Baru Bangi,122.0,0,4.51,67.0,2 guests Studio 1 bed 1 bath,https://www.airbnb.com/rooms/50785484?adults=1&children=0&infants=0&pets=0&check_in=2023-02-03&check_out=2023-02-09&previous_page_section_name=1000,Bandar Baru Bangi,Apartment,2.0,1,1.0,2 guests Studio 1 bed 1 bath,1.0,2.9540793,101.78100179726445
110,"Windmill 2BR, Free Wifi+Parking, 5min to GPO",Condo in Genting Highlands,161.0,0,4.86,65.0,6 guests 2 bedrooms 2 beds 2 baths,https://www.airbnb.com/rooms/632899736415860081?adults=1&children=0&infants=0&pets=0&check_in=2023-02-03&check_out=2023-02-08&previous_page_section_name=1000,Genting Highlands,Condo,6.0,2,2.0,6 guests 2 bedrooms 2 beds 2 baths,2.0,3.4237725,101.7935591
111,Modern Living @ Luxe KL Studio Suite l 2-4 pax,Apartment in Kuala Lumpur,136.0,0,4.46,13.0,4 guests 1 bedroom 1 bed 1 bath,https://www.airbnb.com/rooms/719968812510150240?adults=1&children=0&infants=0&pets=0&check_in=2023-02-06&check_out=2023-02-11&previous_page_section_name=1000,Kuala Lumpur,Apartment,4.0,1,1.0,4 guests 1 bedroom 1 bed 1 bath,1.0,3.1516964,101.6942371
112,1#Menara Simfoni@Balakong*STUDIO*Aeon*D Mines/C180,Condo in Cheras,102.0,1,4.82,173.0,3 guests Studio 1 bed 1 bath,https://www.airbnb.com/rooms/42290853?adults=1&children=0&infants=0&pets=0&check_in=2023-02-05&check_out=2023-02-10&previous_page_section_name=1000,Cheras,Condo,3.0,1,1.0,3 guests Studio 1 bed 1 bath,1.0,3.0991919,101.7374229
113,Cozy 1BR Suites 10mins walk to KLCC w Netflix,Apartment in Kuala Lumpur,221.0,1,0.0,0.0,4 guests 1 bedroom 2 beds 1 bath,https://www.airbnb.com/rooms/817097555231940103?adults=1&children=0&infants=0&pets=0&check_in=2023-02-15&check_out=2023-02-21&previous_page_section_name=1000,Kuala Lumpur,Apartment,4.0,1,2.0,4 guests 1 bedroom 2 beds 1 bath,1.0,3.1516964,101.6942371
114,A Apartment Conezion Residence Putrajaya,Condo in Putrajaya,200.0,0,4.66,32.0,4 guests 2 bedrooms 2 beds 2 baths,https://www.airbnb.com/rooms/639370781968802116?adults=1&children=0&infants=0&pets=0&check_in=2023-02-03&check_out=2023-02-08&previous_page_section_name=1000,Putrajaya,Condo,4.0,2,2.0,4 guests 2 bedrooms 2 beds 2 baths,2.0,2.9140567,101.6838531
115,Naurah Homestay,Apartment in Semenyih,206.0,0,4.33,6.0,6 guests 3 bedrooms 4 beds 2 baths,https://www.airbnb.com/rooms/678663418664802085?adults=1&children=0&infants=0&pets=0&check_in=2023-02-03&check_out=2023-02-10&previous_page_section_name=1000,Semenyih,Apartment,6.0,3,4.0,6 guests 3 bedrooms 4 beds 2 baths,2.0,2.9473911,101.8459911
116,Duplex Cyber View,Apartment in Cyberjaya,129.0,1,0.0,0.0,4 guests 1 bedroom 1 bed 1 bath,https://www.airbnb.com/rooms/764803392162932690?adults=1&children=0&infants=0&pets=0&check_in=2023-02-19&check_out=2023-02-25&previous_page_section_name=1000,Cyberjaya,Apartment,4.0,1,1.0,4 guests 1 bedroom 1 bed 1 bath,1.0,2.9338908,101.6455587
118,"Simfoni 9: Free parking, Wi-Fi",Condo in Cheras,117.0,1,4.78,55.0,2 guests Studio 1 bed 1.5 baths,https://www.airbnb.com/rooms/41970224?adults=1&children=0&infants=0&pets=0&check_in=2023-02-03&check_out=2023-02-09&previous_page_section_name=1000,Cheras,Condo,2.0,1,1.0,2 guests Studio 1 bed 1.5 baths,1.5,3.0991919,101.7374229
119,The Colony Deluxe Studio Suite_ KLCC view Pool,Apartment in Kuala Lumpur,116.0,0,0.0,0.0,3 guests Studio 1 bed 1 bath,https://www.airbnb.com/rooms/807731735829549325?adults=1&children=0&infants=0&pets=0&check_in=2023-03-16&check_out=2023-03-21&previous_page_section_name=1000,Kuala Lumpur,Apartment,3.0,1,1.0,3 guests Studio 1 bed 1 bath,1.0,3.1516964,101.6942371
120,"5.KL City, Netflix, Fully Furnished, 5km to KLCC",Apartment in Ampang Jaya,122.0,0,0.0,0.0,2 guests 1 bedroom 1 bed 1 bath,https://www.airbnb.com/rooms/811978113443626974?adults=1&children=0&infants=0&pets=0&check_in=2023-02-03&check_out=2023-02-08&previous_page_section_name=1000,Ampang Jaya,Apartment,2.0,1,1.0,2 guests 1 bedroom 1 bed 1 bath,1.0,3.1276087,101.7538639
121,Equine Residence 2703 @Tmn Seri Kembangan KL,Apartment in Seri Kembangan,141.0,1,4.86,7.0,3 guests Studio 2 beds 1 bath,https://www.airbnb.com/rooms/684685552718907526?adults=1&children=0&infants=0&pets=0&check_in=2023-02-03&check_out=2023-02-09&previous_page_section_name=1000,Seri Kembangan,Apartment,3.0,1,2.0,3 guests Studio 2 beds 1 bath,1.0,3.0340649,101.7055684
122,"View block, at hotel and Resort Port Dickson",Apartment in Port Dickson,97.0,0,4.38,154.0,2 guests 1 bedroom 2 beds 1.5 baths,https://www.airbnb.com/rooms/21320346?adults=1&children=0&infants=0&pets=0&check_in=2023-02-03&check_out=2023-02-10&previous_page_section_name=1000,Port Dickson,Apartment,2.0,1,2.0,2 guests 1 bedroom 2 beds 1.5 baths,1.5,2.5228943,101.7945134
123,1BR Couple Room Genting View Free Car Park,Apartment in Genting Highlands,181.0,0,4.76,17.0,4 guests 1 bedroom 1 bed 1 bath,https://www.airbnb.com/rooms/747667096713415483?adults=1&children=0&infants=0&pets=0&check_in=2023-02-05&check_out=2023-02-11&previous_page_section_name=1000,Genting Highlands,Apartment,4.0,1,1.0,4 guests 1 bedroom 1 bed 1 bath,1.0,3.4237725,101.7935591
124,Level 16 Modern Classic Studio Room | Free Netflix,Condo in Kuala Lumpur,170.0,1,0.0,0.0,2 guests 1 bedroom 1 bed 1 bath,https://www.airbnb.com/rooms/781699961081816031?adults=1&children=0&infants=0&pets=0&check_in=2023-02-07&check_out=2023-02-12&previous_page_section_name=1000,Kuala Lumpur,Condo,2.0,1,1.0,2 guests 1 bedroom 1 bed 1 bath,1.0,3.1516964,101.6942371
125,"#Scenic Studio, 7mins walk to KLCC+WI-FI, Netflix",Apartment in Kuala Lumpur,176.0,0,4.88,8.0,2 guests Studio 1 bed 1 bath,https://www.airbnb.com/rooms/737318605826932565?adults=1&children=0&infants=0&pets=0&check_in=2023-02-03&check_out=2023-02-08&previous_page_section_name=1000,Kuala Lumpur,Apartment,2.0,1,1.0,2 guests Studio 1 bed 1 bath,1.0,3.1516964,101.6942371
126,"2BR Windmill, Free Wi-Fi and Parking, Big balcony",Condo in Genting Highlands,157.0,0,4.69,36.0,4 guests 2 bedrooms 2 beds 1 bath,https://www.airbnb.com/rooms/679919430182205834?adults=1&children=0&infants=0&pets=0&check_in=2023-02-03&check_out=2023-02-09&previous_page_section_name=1000,Genting Highlands,Condo,4.0,2,2.0,4 guests 2 bedrooms 2 beds 1 bath,1.0,3.4237725,101.7935591
127,NEW! NEW! A‚ÄôFamosa resort Newly Renovated Villa!,Home in Alor Gajah,785.0,0,5.0,3.0,16+ guests 4 bedrooms 10 beds 2 baths,https://www.airbnb.com/rooms/784818801803556383?adults=1&children=0&infants=0&pets=0&check_in=2023-02-03&check_out=2023-02-08&previous_page_section_name=1000,Alor Gajah,Home,16.0,4,10.0,16+ guests 4 bedrooms 10 beds 2 baths,2.0,2.3834528,102.2107805
129,KLCC view Spacious Suites @ Ampang #AT235C,Apartment in Kuala Lumpur,190.0,0,0.0,0.0,6 guests 3 bedrooms 3 beds 2 baths,https://www.airbnb.com/rooms/817102732153711978?adults=1&children=0&infants=0&pets=0&check_in=2023-02-13&check_out=2023-02-18&previous_page_section_name=1000,Kuala Lumpur,Apartment,6.0,3,3.0,6 guests 3 bedrooms 3 beds 2 baths,2.0,3.1516964,101.6942371
130,10min to KLCC Spacious Suites @ Ampang #AT211,Apartment in Kuala Lumpur,221.0,0,0.0,0.0,6 guests 3 bedrooms 3 beds 2 baths,https://www.airbnb.com/rooms/817118040656069807?adults=1&children=0&infants=0&pets=0&check_in=2023-02-06&check_out=2023-02-12&previous_page_section_name=1000,Kuala Lumpur,Apartment,6.0,3,3.0,6 guests 3 bedrooms 3 beds 2 baths,2.0,3.1516964,101.6942371
131,NEW*2 Pax Studio Wifi NO carpark Refurbished unit,Apartment in Nilai,64.0,1,4.82,84.0,2 guests 1 bedroom 1 bed 1 bath,https://www.airbnb.com/rooms/37904196?adults=1&children=0&infants=0&pets=0&check_in=2023-02-05&check_out=2023-02-10&previous_page_section_name=1000,Nilai,Apartment,2.0,1,1.0,2 guests 1 bedroom 1 bed 1 bath,1.0,2.8023079,101.7995013
132,Teratak Sarah,Chalet in Telok Panglima Garang,549.0,1,4.84,83.0,10 guests 2 bedrooms 3 beds 2 baths,https://www.airbnb.com/rooms/36814064?adults=1&children=0&infants=0&pets=0&check_in=2023-03-21&check_out=2023-03-26&previous_page_section_name=1000,Telok Panglima Garang,Chalet,10.0,2,3.0,10 guests 2 bedrooms 3 beds 2 baths,2.0,2.91076905,101.46929508218227
133,The Premium House- The Heart Of Sunway,Home in Petaling Jaya,801.0,1,0.0,0.0,12 guests 4 bedrooms 5 beds 3 baths,https://www.airbnb.com/rooms/817353053021607323?adults=1&children=0&infants=0&pets=0&check_in=2023-02-06&check_out=2023-02-11&previous_page_section_name=1000,Petaling Jaya,Home,12.0,4,5.0,12 guests 4 bedrooms 5 beds 3 baths,3.0,3.0991752,101.6450232
134,Timurahaus,Home in Kajang,405.0,0,5.0,3.0,8 guests 4 bedrooms 3 beds 4.5 baths,https://www.airbnb.com/rooms/750513582156352051?adults=1&children=0&infants=0&pets=0&check_in=2023-02-03&check_out=2023-02-09&previous_page_section_name=1000,Kajang,Home,8.0,4,3.0,8 guests 4 bedrooms 3 beds 4.5 baths,4.5,2.9948437,101.7896595
135,10-14Pax Port Dickson 4BR Double Storey House,Vacation home in Port Dickson,719.0,0,4.8,10.0,14 guests 4 bedrooms 7 beds 4 baths,https://www.airbnb.com/rooms/730702447434527215?adults=1&children=0&infants=0&pets=0&check_in=2023-02-18&check_out=2023-02-23&previous_page_section_name=1000,Port Dickson,Vacation home,14.0,4,7.0,14 guests 4 bedrooms 7 beds 4 baths,4.0,2.5228943,101.7945134
136,Bendang Homes-Sekinchan Homestay,Home in Sekinchan,251.0,0,0.0,0.0,4 guests 2 bedrooms 2 beds 1 bath,https://www.airbnb.com/rooms/788811743635586036?adults=1&children=0&infants=0&pets=0&check_in=2023-02-25&check_out=2023-03-04&previous_page_section_name=1000,Sekinchan,Home,4.0,2,2.0,4 guests 2 bedrooms 2 beds 1 bath,1.0,3.5002934,101.10623
137,DCeria Andorra-Maeps-Putrajaya,Home in Seri Kembangan,475.0,0,0.0,0.0,10 guests 4 bedrooms 5 beds 3 baths,https://www.airbnb.com/rooms/817631755161523321?adults=1&children=0&infants=0&pets=0&check_in=2023-02-05&check_out=2023-02-11&previous_page_section_name=1000,Seri Kembangan,Home,10.0,4,5.0,10 guests 4 bedrooms 5 beds 3 baths,3.0,3.0340649,101.7055684
138,Aisyah's Inn de Balcon,Apartment in Kajang,212.0,0,0.0,0.0,6 guests 3 bedrooms 3 beds 3 baths,https://www.airbnb.com/rooms/817281128221785968?adults=1&children=0&infants=0&pets=0&check_in=2023-02-03&check_out=2023-02-09&previous_page_section_name=1000,Kajang,Apartment,6.0,3,3.0,6 guests 3 bedrooms 3 beds 3 baths,3.0,2.9948437,101.7896595
139,Dua Sentral S20 Premium Former Best Western,Apartment in Kuala Lumpur,127.0,1,0.0,0.0,4 guests 1 bedroom 2 beds 1 bath,https://www.airbnb.com/rooms/816787373688928886?adults=1&children=0&infants=0&pets=0&check_in=2023-02-28&check_out=2023-03-06&previous_page_section_name=1000,Kuala Lumpur,Apartment,4.0,1,2.0,4 guests 1 bedroom 2 beds 1 bath,1.0,3.1516964,101.6942371
142,*GIN* Lovely 2 br condo with pool 50'TV FreNetflix,Condo in Nilai,110.0,1,5.0,5.0,4 guests 2 bedrooms 3 beds 2 baths,https://www.airbnb.com/rooms/609985703203306177?adults=1&children=0&infants=0&pets=0&check_in=2023-02-05&check_out=2023-02-10&previous_page_section_name=1000,Nilai,Condo,4.0,2,3.0,4 guests 2 bedrooms 3 beds 2 baths,2.0,2.8023079,101.7995013
143,"Pulaithree retreat, Kuala Kubu Bharu Heights",Cottage in Kuala Kubu Baru,1118.0,0,4.77,192.0,7 guests 2 bedrooms 6 beds 2 baths,https://www.airbnb.com/rooms/38299410?adults=1&children=0&infants=0&pets=0&check_in=2023-02-12&check_out=2023-02-17&previous_page_section_name=1000,Kuala Kubu Baru,Cottage,7.0,2,6.0,7 guests 2 bedrooms 6 beds 2 baths,2.0,3.6371407,101.5730051
144,HorizonSuites@Glorybnb #KLIA Netflix Cozy Designer,Apartment in Sepang,93.0,1,4.89,9.0,2 guests 1 bedroom 1 bed 1.5 baths,https://www.airbnb.com/rooms/754231365317112645?adults=1&children=0&infants=0&pets=0&check_in=2023-02-04&check_out=2023-02-10&previous_page_section_name=1000,Sepang,Apartment,2.0,1,1.0,2 guests 1 bedroom 1 bed 1.5 baths,1.5,2.76020875,101.73686570150568
151,[REX] 2px mesamall free parking TV netflix WIFI,Condo in Nilai,88.0,1,4.33,3.0,2 guests 1 bedroom 1 bed 1 bath,https://www.airbnb.com/rooms/750665510406804347?adults=1&children=0&infants=0&pets=0&check_in=2023-02-12&check_out=2023-02-19&previous_page_section_name=1000,Nilai,Condo,2.0,1,1.0,2 guests 1 bedroom 1 bed 1 bath,1.0,2.8023079,101.7995013
152,Landmark Residence Studio,Condo in Kajang,116.0,0,4.75,4.0,2 guests Studio 1 bed 1 bath,https://www.airbnb.com/rooms/29187730?adults=1&children=0&infants=0&pets=0&check_in=2023-02-06&check_out=2023-02-11&previous_page_section_name=1000,Kajang,Condo,2.0,1,1.0,2 guests Studio 1 bed 1 bath,1.0,2.9948437,101.7896595
154,Nicely 2BR Suite @ Arte Plus Ampang,Apartment in Kuala Lumpur,163.0,0,0.0,0.0,12 guests 2 bedrooms 2 beds 2 baths,https://www.airbnb.com/rooms/817099288634163923?adults=1&children=0&infants=0&pets=0&check_in=2023-02-04&check_out=2023-02-09&previous_page_section_name=1000,Kuala Lumpur,Apartment,12.0,2,2.0,12 guests 2 bedrooms 2 beds 2 baths,2.0,3.1516964,101.6942371
155,*GIN [OFFER] 2Bedroom Nilai 50‚ÄôTV Netflix WIFI 4px,Condo in Nilai,110.0,1,4.82,71.0,4 guests 2 bedrooms 3 beds 2 baths,https://www.airbnb.com/rooms/47725627?adults=1&children=0&infants=0&pets=0&check_in=2023-02-05&check_out=2023-02-10&previous_page_section_name=1000,Nilai,Condo,4.0,2,3.0,4 guests 2 bedrooms 3 beds 2 baths,2.0,2.8023079,101.7995013
157,V5 Garden Home Pool Villa at A'Famosa,Villa in Alor Gajah,773.0,0,5.0,6.0,15 guests 4 bedrooms 9 beds 2 baths,https://www.airbnb.com/rooms/725717506192711415?adults=1&children=0&infants=0&pets=0&check_in=2023-02-12&check_out=2023-02-18&previous_page_section_name=1000,Alor Gajah,Villa,15.0,4,9.0,15 guests 4 bedrooms 9 beds 2 baths,2.0,2.3834528,102.2107805
158,Revo@Aurora Place Bukit Jalil,Apartment in Kuala Lumpur,114.0,0,0.0,0.0,2 guests 1 bedroom 1 bed 1 bath,https://www.airbnb.com/rooms/806306819903491924?adults=1&children=0&infants=0&pets=0&check_in=2023-02-05&check_out=2023-02-10&previous_page_section_name=1000,Kuala Lumpur,Apartment,2.0,1,1.0,2 guests 1 bedroom 1 bed 1 bath,1.0,3.1516964,101.6942371
159,Sekinchan 231 Village A Chalet,Chalet in Sekinchan,285.0,1,4.56,32.0,4 guests Studio 4 beds 1 bath,https://www.airbnb.com/rooms/4167538?adults=1&children=0&infants=0&pets=0&check_in=2023-02-04&check_out=2023-02-09&previous_page_section_name=1000,Sekinchan,Chalet,4.0,1,4.0,4 guests Studio 4 beds 1 bath,1.0,3.5002934,101.10623
161,3 bedroom apartment with pool & gym & playground,Vacation home in Dengkil,137.0,0,0.0,0.0,5 guests 3 bedrooms 3 beds 2 baths,https://www.airbnb.com/rooms/817809630577663733?adults=1&children=0&infants=0&pets=0&check_in=2023-02-05&check_out=2023-02-10&previous_page_section_name=1000,Dengkil,Vacation home,5.0,3,3.0,5 guests 3 bedrooms 3 beds 2 baths,2.0,2.8680243,101.6756275
163,HA1916 | Sanitised-Pool View-Netflix-Wifi-Parking,Condo in Cyberjaya,99.0,1,4.84,37.0,4 guests Studio 1 bath,https://www.airbnb.com/rooms/51875737?adults=1&children=0&infants=0&pets=0&check_in=2023-02-03&check_out=2023-02-08&previous_page_section_name=1000,Cyberjaya,Condo,4.0,1,1.0,4 guests Studio 1 bath,1.0,2.9338908,101.6455587
165,New!Dreamplace 3bedrooms-Comfy,Apartment in Seri Kembangan,130.0,0,4.33,3.0,6 guests 3 bedrooms 4 beds 2 baths,https://www.airbnb.com/rooms/768730912146030165?adults=1&children=0&infants=0&pets=0&check_in=2023-02-03&check_out=2023-02-08&previous_page_section_name=1000,Seri Kembangan,Apartment,6.0,3,4.0,6 guests 3 bedrooms 4 beds 2 baths,2.0,3.0340649,101.7055684
166,Êµ™Êº´2‰∫∫‰∏ñÁïåÊµ∑ÊôØÂ•óÊàø(ËßíËêΩ)/ Romantic Seaview Studio (Corner),Apartment in Port Dickson,201.0,1,4.89,254.0,2 guests 1 bedroom 1 bed 1 bath,https://www.airbnb.com/rooms/22559930?adults=1&children=0&infants=0&pets=0&check_in=2023-02-06&check_out=2023-02-11&previous_page_section_name=1000,Port Dickson,Apartment,2.0,1,1.0,2 guests 1 bedroom 1 bed 1 bath,1.0,2.5228943,101.7945134
167,De Soul Suite-1BR-Solstice|Wi-fi|NETFLIX|PARKING,Apartment in Cyberjaya,134.0,0,4.5,10.0,2 guests 1 bedroom 1 bed 1 bath,https://www.airbnb.com/rooms/699965210560782880?adults=1&children=0&infants=0&pets=0&check_in=2023-02-07&check_out=2023-02-13&previous_page_section_name=1000,Cyberjaya,Apartment,2.0,1,1.0,2 guests 1 bedroom 1 bed 1 bath,1.0,2.9338908,101.6455587
168,Casa RV 8 | MKH BOULEVARD KAJANG,Apartment in Kajang,135.0,0,4.76,29.0,2 guests 1 bedroom 1 bed 1 bath,https://www.airbnb.com/rooms/30801330?adults=1&children=0&infants=0&pets=0&check_in=2023-02-05&check_out=2023-02-11&previous_page_section_name=1000,Kajang,Apartment,2.0,1,1.0,2 guests 1 bedroom 1 bed 1 bath,1.0,2.9948437,101.7896595
169,Industrial Wood Black House With Pool & Tree House,Apartment in Kajang,190.0,1,4.95,19.0,5 guests 2 bedrooms 3 beds 1 bath,https://www.airbnb.com/rooms/693655679190712266?adults=1&children=0&infants=0&pets=0&check_in=2023-02-04&check_out=2023-02-11&previous_page_section_name=1000,Kajang,Apartment,5.0,2,3.0,5 guests 2 bedrooms 3 beds 1 bath,1.0,2.9948437,101.7896595
170,"Mandara Tree Villas, Janda Baik - Family Villa",Villa in Janda Baik,474.0,0,4.47,53.0,8 guests 2 bedrooms 5 beds 2 baths,https://www.airbnb.com/rooms/27542607?adults=1&children=0&infants=0&pets=0&check_in=2023-02-06&check_out=2023-02-11&previous_page_section_name=1000,Janda Baik,Villa,8.0,2,5.0,8 guests 2 bedrooms 5 beds 2 baths,2.0,3.3227606,101.8486758
171,HB1713 | 2 Bedroom Sanitised Netflix Wifi Parking,Apartment in Cyberjaya,108.0,1,0.0,0.0,4 guests 2 bedrooms 2 beds 1.5 baths,https://www.airbnb.com/rooms/762157179608499615?adults=1&children=0&infants=0&pets=0&check_in=2023-02-07&check_out=2023-02-12&previous_page_section_name=1000,Cyberjaya,Apartment,4.0,2,2.0,4 guests 2 bedrooms 2 beds 1.5 baths,1.5,2.9338908,101.6455587
172,CL137B Modern Balcony KLCC View & Infinity Pool,Apartment in Kuala Lumpur,88.0,0,4.67,3.0,2 guests Studio 1 bed 1 bath,https://www.airbnb.com/rooms/795538892758661305?adults=1&children=0&infants=0&pets=0&check_in=2023-02-05&check_out=2023-02-10&previous_page_section_name=1000,Kuala Lumpur,Apartment,2.0,1,1.0,2 guests Studio 1 bed 1 bath,1.0,3.1516964,101.6942371
173,PD D‚ÄôWharf Amazing Seaview Suite 9 (Up to 3 Pax),Apartment in Port Dickson,136.0,1,4.86,63.0,3 guests Studio 1 bed 1 bath,https://www.airbnb.com/rooms/568447085754394317?adults=1&children=0&infants=0&pets=0&check_in=2023-02-06&check_out=2023-02-11&previous_page_section_name=1000,Port Dickson,Apartment,3.0,1,1.0,3 guests Studio 1 bed 1 bath,1.0,2.5228943,101.7945134
174,Unique Bedroom KL @ Free wifi,Apartment in Kuala Lumpur,136.0,0,0.0,0.0,4 guests 1 bedroom 1 bed 1 bath,https://www.airbnb.com/rooms/760361198934377976?adults=1&children=0&infants=0&pets=0&check_in=2023-02-04&check_out=2023-02-09&previous_page_section_name=1000,Kuala Lumpur,Apartment,4.0,1,1.0,4 guests 1 bedroom 1 bed 1 bath,1.0,3.1516964,101.6942371
175,2BR Windmill Upon Hills Free Wifi w/ 1 Parking,Condo in Genting Highlands,157.0,0,4.79,135.0,6 guests 2 bedrooms 2 beds 2 baths,https://www.airbnb.com/rooms/48713793?adults=1&children=0&infants=0&pets=0&check_in=2023-02-04&check_out=2023-02-09&previous_page_section_name=1000,Genting Highlands,Condo,6.0,2,2.0,6 guests 2 bedrooms 2 beds 2 baths,2.0,3.4237725,101.7935591
176,Avillion Admiral Cove Airbnb Hotel Port Dickson,Hotel room in Port Dickson,102.0,0,4.52,118.0,2 guests 1 bedroom 3 beds 1 bath,https://www.airbnb.com/rooms/21329923?adults=1&children=0&infants=0&pets=0&check_in=2023-02-08&check_out=2023-02-15&previous_page_section_name=1000,Port Dickson,Hotel room,2.0,1,3.0,2 guests 1 bedroom 3 beds 1 bath,1.0,2.5228943,101.7945134
177,Vest Home@Midhill Genting Highlands (Free WiFi),Condo in Genting Highlands,337.0,0,4.79,104.0,10 guests 3 bedrooms 4 beds 2 baths,https://www.airbnb.com/rooms/53427673?adults=1&children=0&infants=0&pets=0&check_in=2023-02-06&check_out=2023-02-12&previous_page_section_name=1000,Genting Highlands,Condo,10.0,3,4.0,10 guests 3 bedrooms 4 beds 2 baths,2.0,3.4237725,101.7935591
179,Zen House Broga Á¶™„ÅÆÂ±Ö„Åú„Çì„ÅÆ„ÅÑ zen-no-i organic farmstay,Cottage in Lenggeng,1522.0,0,0.0,0.0,10 guests 3 bedrooms 10 beds 3 baths,https://www.airbnb.com/rooms/746995127471726798?adults=1&children=0&infants=0&pets=0&check_in=2023-02-06&check_out=2023-02-11&previous_page_section_name=1000,Lenggeng,Cottage,10.0,3,10.0,10 guests 3 bedrooms 10 beds 3 baths,3.0,2.861427,101.943388
186,Tamarind Vectoria Homes | 500Mbps WIFI | NETFLIX,Apartment in Cyberjaya,116.0,1,4.89,157.0,4 guests Studio 2 beds 1 bath,https://www.airbnb.com/rooms/47723706?adults=1&children=0&infants=0&pets=0&check_in=2023-02-03&check_out=2023-02-08&previous_page_section_name=1000,Cyberjaya,Apartment,4.0,1,2.0,4 guests Studio 2 beds 1 bath,1.0,2.9338908,101.6455587
188,Designer Hotel Jalan Ampang Single En-Suite 3,Hotel room in Kuala Lumpur,56.0,0,4.56,9.0,1 guest 1 bedroom 1 bed 1 private bath,https://www.airbnb.com/rooms/651362146789461426?adults=1&children=0&infants=0&pets=0&check_in=2023-02-07&check_out=2023-02-13&previous_page_section_name=1000,Kuala Lumpur,Hotel room,1.0,1,1.0,1 guest 1 bedroom 1 bed 1  bath,1.0,3.1516964,101.6942371
189,Hana Home Wi-Fi Midhills Genting,Apartment in Genting Highlands,68.0,0,4.51,79.0,6 guests Studio 3 beds 1 bath,https://www.airbnb.com/rooms/45512566?adults=1&children=0&infants=0&pets=0&check_in=2023-02-06&check_out=2023-02-11&previous_page_section_name=1000,Genting Highlands,Apartment,6.0,1,3.0,6 guests Studio 3 beds 1 bath,1.0,3.4237725,101.7935591
190,Hour's deal 10am-5pm‚Ä¢Flexi22chalet[Same day],Private room in Port Dickson,115.0,0,0.0,0.0,5 guests 1 bedroom 3 beds 1 private bath,https://www.airbnb.com/rooms/817322821530724536?adults=1&children=0&infants=0&pets=0&check_in=2023-02-05&check_out=2023-02-10&previous_page_section_name=1000,Port Dickson,Private room,5.0,1,1.0,5 guests 1 bedroom 3 beds 1  bath,1.0,2.5228943,101.7945134
191,Sweet Living 2 Bedrooms,Apartment in Kuala Lumpur,171.0,0,0.0,0.0,6 guests 2 bedrooms 3 beds 1 bath,https://www.airbnb.com/rooms/774975615046069962?adults=1&children=0&infants=0&pets=0&check_in=2023-02-05&check_out=2023-02-10&previous_page_section_name=1000,Kuala Lumpur,Apartment,6.0,2,3.0,6 guests 2 bedrooms 3 beds 1 bath,1.0,3.1516964,101.6942371
192,Tamarind Suites WiFi&Netflix (With Room Service),Apartment in Cyberjaya,106.0,0,5.0,3.0,2 guests Studio 1 bed 1 bath,https://www.airbnb.com/rooms/798197464597153926?adults=1&children=0&infants=0&pets=0&check_in=2023-02-05&check_out=2023-02-11&previous_page_section_name=1000,Cyberjaya,Apartment,2.0,1,1.0,2 guests Studio 1 bed 1 bath,1.0,2.9338908,101.6455587
193,"Luxury Bungalow, Private Pool/Gaming/BBQ, 30 Pax",Bungalow in Kajang,1133.0,1,4.44,9.0,16+ guests 7 bedrooms 14 beds 8 baths,https://www.airbnb.com/rooms/786905723398599105?adults=1&children=0&infants=0&pets=0&check_in=2023-02-05&check_out=2023-02-11&previous_page_section_name=1000,Kajang,Bungalow,16.0,7,14.0,16+ guests 7 bedrooms 14 beds 8 baths,8.0,2.9948437,101.7896595
194,5-8pax KAJANG Luxury Homestay 4R3B - free Wi-Fi,Guesthouse in Kajang,246.0,0,4.82,34.0,7 guests 4 bedrooms 5 beds 3.5 baths,https://www.airbnb.com/rooms/47436216?adults=1&children=0&infants=0&pets=0&check_in=2023-02-03&check_out=2023-02-08&previous_page_section_name=1000,Kajang,Guesthouse,7.0,4,5.0,7 guests 4 bedrooms 5 beds 3.5 baths,3.5,2.9948437,101.7896595
195,5#Menara Simfoni@ Balakong*STUDIO*Netflix*Aeon,Condo in Balakong,111.0,1,4.83,124.0,3 guests Studio 1 bed 1 bath,https://www.airbnb.com/rooms/36064347?adults=1&children=0&infants=0&pets=0&check_in=2023-02-06&check_out=2023-02-11&previous_page_section_name=1000,Balakong,Condo,3.0,1,1.0,3 guests Studio 1 bed 1 bath,1.0,3.0291306,101.7472119
196,"Tejomaya , your home away from home",Villa in Alor Gajah,655.0,0,4.75,72.0,11 guests 4 bedrooms 6 beds 2.5 baths,https://www.airbnb.com/rooms/45692398?adults=1&children=0&infants=0&pets=0&check_in=2023-02-12&check_out=2023-02-18&previous_page_section_name=1000,Alor Gajah,Villa,11.0,4,6.0,11 guests 4 bedrooms 6 beds 2.5 baths,2.5,2.3834528,102.2107805
197,LuxurystudioSetapakKlccGentingKL,Apartment in Kuala Lumpur,183.0,0,0.0,0.0,3 guests 1 bedroom 2 beds 1 bath,https://www.airbnb.com/rooms/805621010202221002?adults=1&children=0&infants=0&pets=0&check_in=2023-02-04&check_out=2023-02-09&previous_page_section_name=1000,Kuala Lumpur,Apartment,3.0,1,2.0,3 guests 1 bedroom 2 beds 1 bath,1.0,3.1516964,101.6942371
198,ÔøΩÔøΩ Memorable Homestay @ Southville City Bangi,Condo in Dengkil,179.0,0,4.71,38.0,6 guests 3 bedrooms 3 beds 2 baths,https://www.airbnb.com/rooms/53598187?adults=1&children=0&infants=0&pets=0&check_in=2023-02-05&check_out=2023-02-10&previous_page_section_name=1000,Dengkil,Condo,6.0,3,3.0,6 guests 3 bedrooms 3 beds 2 baths,2.0,2.8680243,101.6756275
199,Sri Massa Executive Suite,Guest suite in Bangi,185.0,0,4.8,20.0,5 guests 3 bedrooms 3 beds 2 baths,https://www.airbnb.com/rooms/36720450?adults=1&children=0&infants=0&pets=0&check_in=2023-02-04&check_out=2023-02-10&previous_page_section_name=1000,Bangi,Guest suite,5.0,3,3.0,5 guests 3 bedrooms 3 beds 2 baths,2.0,2.90398245,101.78602883608005
200,Conezion@ IOI Resort City Mall Putrajaya (WiFi),Condo in Putrajaya,186.0,1,4.8,50.0,4 guests 2 bedrooms 2 beds 2.5 baths,https://www.airbnb.com/rooms/29702916?adults=1&children=0&infants=0&pets=0&check_in=2023-02-04&check_out=2023-02-10&previous_page_section_name=1000,Putrajaya,Condo,4.0,2,2.0,4 guests 2 bedrooms 2 beds 2.5 baths,2.5,2.9140567,101.6838531
201,Cozy home 3BR in Cybersouth | Netflix | WiFi,Apartment in Dengkil,190.0,0,5.0,3.0,6 guests 3 bedrooms 3 beds 2 baths,https://www.airbnb.com/rooms/800250563000388732?adults=1&children=0&infants=0&pets=0&check_in=2023-02-22&check_out=2023-02-27&previous_page_section_name=1000,Dengkil,Apartment,6.0,3,3.0,6 guests 3 bedrooms 3 beds 2 baths,2.0,2.8680243,101.6756275
202,Traditional Malaysian house,Home in Bandar Baru Bangi,803.0,0,5.0,5.0,10 guests 3 bedrooms 5 beds 3 baths,https://www.airbnb.com/rooms/803891836664875928?adults=1&children=0&infants=0&pets=0&check_in=2023-02-03&check_out=2023-02-08&previous_page_section_name=1000,Bandar Baru Bangi,Home,10.0,3,5.0,10 guests 3 bedrooms 5 beds 3 baths,3.0,2.9540793,101.78100179726445
203,Rest@1bedroom@Arte Mont Kiara,Apartment in Kuala Lumpur,128.0,0,5.0,3.0,2 guests 1 bedroom 1 bed 1 bath,https://www.airbnb.com/rooms/762987847534143784?adults=1&children=0&infants=0&pets=0&check_in=2023-02-06&check_out=2023-02-13&previous_page_section_name=1000,Kuala Lumpur,Apartment,2.0,1,1.0,2 guests 1 bedroom 1 bed 1 bath,1.0,3.1516964,101.6942371
204,The Greendoor of Greenwood,Home in Batu Caves,1106.0,0,0.0,0.0,12 guests 5 bedrooms 8 beds 4 baths,https://www.airbnb.com/rooms/802035893870241399?adults=1&children=0&infants=0&pets=0&check_in=2023-02-05&check_out=2023-02-11&previous_page_section_name=1000,Batu Caves,Home,12.0,5,8.0,12 guests 5 bedrooms 8 beds 4 baths,4.0,3.2377961500000003,101.68138011062376
205,Spacious Duplex(768sf)/Unblocked View/Wi-Fi+TV box,Apartment in Kajang,127.0,0,0.0,0.0,3 guests Studio 2 beds 2 baths,https://www.airbnb.com/rooms/806472459066971353?adults=1&children=0&infants=0&pets=0&check_in=2023-02-03&check_out=2023-02-09&previous_page_section_name=1000,Kajang,Apartment,3.0,1,2.0,3 guests Studio 2 beds 2 baths,2.0,2.9948437,101.7896595
206,Enjoy & Relax @Raihana Homestay - Residensi Rimbun,Condo in Kajang,154.0,0,5.0,8.0,5 guests 2 bedrooms 3 beds 1 bath,https://www.airbnb.com/rooms/758465902329161746?adults=1&children=0&infants=0&pets=0&check_in=2023-02-11&check_out=2023-02-16&previous_page_section_name=1000,Kajang,Condo,5.0,2,3.0,5 guests 2 bedrooms 3 beds 1 bath,1.0,2.9948437,101.7896595
207,Glorybnb BellSuites 4pax KLIA/Nflix/Wifi#WFH,Apartment in Sepang,128.0,1,4.93,43.0,4 guests 1 bedroom 2 beds 1 bath,https://www.airbnb.com/rooms/53299614?adults=1&children=0&infants=0&pets=0&check_in=2023-02-06&check_out=2023-02-11&previous_page_section_name=1000,Sepang,Apartment,4.0,1,2.0,4 guests 1 bedroom 2 beds 1 bath,1.0,2.76020875,101.73686570150568
209,EVO SOHO [Wifi] Netflix*Water filter,Apartment in Bandar Baru Bangi,138.0,1,0.0,0.0,2 guests Studio 1 bed 1 bath,https://www.airbnb.com/rooms/757867326115715804?adults=1&children=0&infants=0&pets=0&check_in=2023-02-04&check_out=2023-02-09&previous_page_section_name=1000,Bandar Baru Bangi,Apartment,2.0,1,1.0,2 guests Studio 1 bed 1 bath,1.0,2.9540793,101.78100179726445
212,Cosy middle room with green lush,Private room in Semenyih,72.0,0,0.0,0.0,2 guests 1 bedroom 1 bed 1 private bath,https://www.airbnb.com/rooms/780656229734134172?adults=1&children=0&infants=0&pets=0&check_in=2023-02-06&check_out=2023-02-11&previous_page_section_name=1000,Semenyih,Private room,2.0,1,1.0,2 guests 1 bedroom 1 bed 1  bath,1.0,2.9473911,101.8459911
213,Rania's Comfy Casa | WIFI | KLIA | IPTV,Condo in Nilai,109.0,0,4.38,13.0,3 guests 1 bedroom 1 bed 1 bath,https://www.airbnb.com/rooms/576606201141881070?adults=1&children=0&infants=0&pets=0&check_in=2023-02-06&check_out=2023-02-11&previous_page_section_name=1000,Nilai,Condo,3.0,1,1.0,3 guests 1 bedroom 1 bed 1 bath,1.0,2.8023079,101.7995013
214,UCSI/Cozy/Greenery HillTop New Condo@Cheras KL,Condo in Kuala Lumpur,191.0,1,5.0,4.0,4 guests 2 bedrooms 2 beds 2 baths,https://www.airbnb.com/rooms/773814357221946441?adults=1&children=0&infants=0&pets=0&check_in=2023-02-03&check_out=2023-02-09&previous_page_section_name=1000,Kuala Lumpur,Condo,4.0,2,2.0,4 guests 2 bedrooms 2 beds 2 baths,2.0,3.1516964,101.6942371
215,Dilla Homestay @ Bangi-UKM-Kajang Muslim Only,Apartment in Kajang,197.0,0,0.0,0.0,4 guests 2 bedrooms 2 beds 1 bath,https://www.airbnb.com/rooms/815777865375807442?adults=1&children=0&infants=0&pets=0&check_in=2023-02-03&check_out=2023-02-08&previous_page_section_name=1000,Kajang,Apartment,4.0,2,2.0,4 guests 2 bedrooms 2 beds 1 bath,1.0,2.9948437,101.7896595
216,Casablanca Homestay Semenyih,Home in Semenyih,283.0,1,4.95,22.0,8 guests 4 bedrooms 5 beds 3 baths,https://www.airbnb.com/rooms/641559393338395677?adults=1&children=0&infants=0&pets=0&check_in=2023-02-07&check_out=2023-02-12&previous_page_section_name=1000,Semenyih,Home,8.0,4,5.0,8 guests 4 bedrooms 5 beds 3 baths,3.0,2.9473911,101.8459911
217,"#2 Summer Studio - Netflix , Wifi  ( Sanitized )",Condo in Seri Kembangan,99.0,1,4.84,116.0,4 guests Studio 2 beds 1 bath,https://www.airbnb.com/rooms/45209423?adults=1&children=0&infants=0&pets=0&check_in=2023-02-12&check_out=2023-02-17&previous_page_section_name=1000,Seri Kembangan,Condo,4.0,1,2.0,4 guests Studio 2 beds 1 bath,1.0,3.0340649,101.7055684
218,@3 Super Singleroom/Pool+Gym/LRT,Private room in Subang Jaya,86.0,1,0.0,0.0,1 guest 1 bedroom 1 bed 1 shared bath,https://www.airbnb.com/rooms/803968100333837672?adults=1&children=0&infants=0&pets=0&check_in=2023-02-19&check_out=2023-02-25&previous_page_section_name=1000,Subang Jaya,Private room,1.0,1,1.0,1 guest 1 bedroom 1 bed 1  bath,1.0,3.051487,101.5823339
219,Hidden Cabin in Hulu Langat,Shipping container in Hulu Langat,629.0,0,0.0,0.0,6 guests 3 bedrooms 3 beds 2 baths,https://www.airbnb.com/rooms/803274812986940081?adults=1&children=0&infants=0&pets=0&check_in=2023-02-05&check_out=2023-02-10&previous_page_section_name=1000,Hulu Langat,Shipping container,6.0,3,3.0,6 guests 3 bedrooms 3 beds 2 baths,2.0,3.083333,101.833333
221,Arte Plus 2BR&2WC/4pax/Honeymoon/Buddy Â∫¶ËúúÊúàÔºåÈó∫ËúúÔºåÂ∞èÂÆ∂Â∫≠,Apartment in Kuala Lumpur,178.0,1,4.94,16.0,4 guests 2 bedrooms 2 beds 2 baths,https://www.airbnb.com/rooms/50063424?adults=1&children=0&infants=0&pets=0&check_in=2023-02-04&check_out=2023-02-09&previous_page_section_name=1000,Kuala Lumpur,Apartment,4.0,2,2.0,4 guests 2 bedrooms 2 beds 2 baths,2.0,3.1516964,101.6942371
222,NEW! Mesamall 2pax pool view car park wifi 100mbps,Condo in Nilai,87.0,1,4.74,38.0,2 guests 1 bedroom 1 bed 1 bath,https://www.airbnb.com/rooms/51385677?adults=1&children=0&infants=0&pets=0&check_in=2023-02-12&check_out=2023-02-17&previous_page_section_name=1000,Nilai,Condo,2.0,1,1.0,2 guests 1 bedroom 1 bed 1 bath,1.0,2.8023079,101.7995013
223,One Family Kajang East Homestay,Home in Semenyih,532.0,0,5.0,3.0,10 guests 4 bedrooms 5 beds 3 baths,https://www.airbnb.com/rooms/774955277599893082?adults=1&children=0&infants=0&pets=0&check_in=2023-02-04&check_out=2023-02-09&previous_page_section_name=1000,Semenyih,Home,10.0,4,5.0,10 guests 4 bedrooms 5 beds 3 baths,3.0,2.9473911,101.8459911
224,Cosy Private Home @ Sky.Pod,Condo in Puchong,151.0,0,4.39,28.0,3 guests 1 bedroom 1 bed 1 bath,https://www.airbnb.com/rooms/44170597?adults=1&children=0&infants=0&pets=0&check_in=2023-02-04&check_out=2023-02-11&previous_page_section_name=1000,Puchong,Condo,3.0,1,1.0,3 guests 1 bedroom 1 bed 1 bath,1.0,3.0342324,101.6170345
226,‚òÖLittle world for Lovely couple‚òÖWIFI‚òÖComfy‚òÖConve‚òÖ,Condo in Seri Kembangan,88.0,0,4.65,136.0,3 guests Studio 1 bed 1 bath,https://www.airbnb.com/rooms/25658452?adults=1&children=0&infants=0&pets=0&check_in=2023-02-12&check_out=2023-02-17&previous_page_section_name=1000,Seri Kembangan,Condo,3.0,1,1.0,3 guests Studio 1 bed 1 bath,1.0,3.0340649,101.7055684
227,Cozy Little Muji Home Kepong Nice View MRT E03A R,Condo in Kuala Lumpur,237.0,1,0.0,0.0,7 guests 3 bedrooms 4 beds 2 baths,https://www.airbnb.com/rooms/817131995007603912?adults=1&children=0&infants=0&pets=0&check_in=2023-02-03&check_out=2023-02-09&previous_page_section_name=1000,Kuala Lumpur,Condo,7.0,3,4.0,7 guests 3 bedrooms 4 beds 2 baths,2.0,3.1516964,101.6942371
228,Family Inclined 2bedroom Suite @ Arte Plus Ampang,Apartment in Kuala Lumpur,144.0,0,0.0,0.0,10 guests 2 bedrooms 7 beds 2 baths,https://www.airbnb.com/rooms/802587635606837018?adults=1&children=0&infants=0&pets=0&check_in=2023-02-04&check_out=2023-02-09&previous_page_section_name=1000,Kuala Lumpur,Apartment,10.0,2,7.0,10 guests 2 bedrooms 7 beds 2 baths,2.0,3.1516964,101.6942371
229,Hour's deal 10am-5pm‚Ä¢Flexi42chalet[Same day],Resort in Port Dickson,115.0,0,0.0,0.0,5 guests 1 bedroom 3 beds 1 private bath,https://www.airbnb.com/rooms/814509877161924330?adults=1&children=0&infants=0&pets=0&check_in=2023-02-05&check_out=2023-02-10&previous_page_section_name=1000,Port Dickson,Resort,5.0,1,1.0,5 guests 1 bedroom 3 beds 1  bath,1.0,2.5228943,101.7945134
230,"4.KL City, Netflix, Fully Furnished, 5km To KLCC",Apartment in Ampang Jaya,115.0,0,0.0,0.0,2 guests 1 bedroom 1 bed 1 bath,https://www.airbnb.com/rooms/776028105813476292?adults=1&children=0&infants=0&pets=0&check_in=2023-02-06&check_out=2023-02-11&previous_page_section_name=1000,Ampang Jaya,Apartment,2.0,1,1.0,2 guests 1 bedroom 1 bed 1 bath,1.0,3.1276087,101.7538639
231,"Your Perfect Room In Putrajaya, Private Bathroom",Private room in Putrajaya,90.0,1,4.8,112.0,2 guests 1 bedroom 1 bed 1.5 baths,https://www.airbnb.com/rooms/15656888?adults=1&children=0&infants=0&pets=0&check_in=2023-02-04&check_out=2023-02-09&previous_page_section_name=1000,Putrajaya,Private room,2.0,1,1.0,2 guests 1 bedroom 1 bed 1.5 baths,1.5,2.9140567,101.6838531
232,"The FUN House - 3 bedrooms, pool table & LOTs more",Home in Kuala Lumpur,340.0,1,4.95,19.0,11 guests 3 bedrooms 4 beds 3 baths,https://www.airbnb.com/rooms/692546925534214023?adults=1&children=0&infants=0&pets=0&check_in=2023-02-26&check_out=2023-03-03&previous_page_section_name=1000,Kuala Lumpur,Home,11.0,3,4.0,11 guests 3 bedrooms 4 beds 3 baths,3.0,3.1516964,101.6942371
233,RM59 1Bedroom Apt iCity Shah Alam Wi-Fi Netflix,Apartment in Shah Alam,129.0,0,4.38,16.0,4 guests 1 bedroom 2 beds 1 bath,https://www.airbnb.com/rooms/710341230211984089?adults=1&children=0&infants=0&pets=0&check_in=2023-02-03&check_out=2023-02-09&previous_page_section_name=1000,Shah Alam,Apartment,4.0,1,2.0,4 guests 1 bedroom 2 beds 1 bath,1.0,3.0733644,101.5195149
234,Cozy mountain jungle wood home,Cottage in Kuala Kubu Baru,973.0,0,4.8,10.0,14 guests 7 bedrooms 7 beds 5 baths,https://www.airbnb.com/rooms/625911044795735663?adults=1&children=0&infants=0&pets=0&check_in=2023-02-03&check_out=2023-02-08&previous_page_section_name=1000,Kuala Kubu Baru,Cottage,14.0,7,7.0,14 guests 7 bedrooms 7 beds 5 baths,5.0,3.6371407,101.5730051
235,Rex Ollie @ 231TR Suite (Room B - Shared Bathroom),Private room in Kuala Lumpur,91.0,0,4.13,15.0,2 guests 1 bedroom 1 bed 1 shared bath,https://www.airbnb.com/rooms/30949963?adults=1&children=0&infants=0&pets=0&check_in=2023-02-06&check_out=2023-02-11&previous_page_section_name=1000,Kuala Lumpur,Private room,2.0,1,1.0,2 guests 1 bedroom 1 bed 1  bath,1.0,3.1516964,101.6942371
236,Your Secret Tropical Hideaway,Private room in Ampang,194.0,0,4.66,110.0,2 guests 1 bedroom 1 bed 1 private bath,https://www.airbnb.com/rooms/982342?adults=1&children=0&infants=0&pets=0&check_in=2023-02-04&check_out=2023-02-11&previous_page_section_name=1000,Ampang,Private room,2.0,1,1.0,2 guests 1 bedroom 1 bed 1  bath,1.0,3.15025555,101.76021009194159
238,Casa Palmera PD Homestay,Home in Port Dickson,969.0,0,0.0,0.0,16+ guests 4 bedrooms 13 beds 3 baths,https://www.airbnb.com/rooms/811778324868792515?adults=1&children=0&infants=0&pets=0&check_in=2023-02-06&check_out=2023-02-11&previous_page_section_name=1000,Port Dickson,Home,16.0,4,13.0,16+ guests 4 bedrooms 13 beds 3 baths,3.0,2.5228943,101.7945134
239,Amieshah Homestay,Home in Batang Berjuntai,302.0,0,0.0,0.0,10 guests 3 bedrooms 3 beds 2 baths,https://www.airbnb.com/rooms/807394702719514038?adults=1&children=0&infants=0&pets=0&check_in=2023-03-06&check_out=2023-03-13&previous_page_section_name=1000,Batang Berjuntai,Home,10.0,3,3.0,10 guests 3 bedrooms 3 beds 2 baths,2.0,3.378008,101.4102245
240,Dual key 1 living 1 bath 1 bedroom Genting windmil,Private room in Genting Highlands,164.0,0,4.78,46.0,3 guests 1 bedroom 1 bed 1 private bath,https://www.airbnb.com/rooms/667087398515246690?adults=1&children=0&infants=0&pets=0&check_in=2023-02-06&check_out=2023-02-11&previous_page_section_name=1000,Genting Highlands,Private room,3.0,1,1.0,3 guests 1 bedroom 1 bed 1  bath,1.0,3.4237725,101.7935591
241,GLASSSHED Serendah ‚Äìunique private forest retreat,Tiny home in Serendah,589.0,0,4.0,13.0,6 guests 1 bedroom 4 beds 1 bath,https://www.airbnb.com/rooms/39303864?adults=1&children=0&infants=0&pets=0&check_in=2023-02-12&check_out=2023-02-17&previous_page_section_name=1000,Serendah,Tiny home,6.0,1,4.0,6 guests 1 bedroom 4 beds 1 bath,1.0,3.3651433,101.6033076
242,Awanmulan Partners Weekdays!,Cabin in Pantai,471.0,0,5.0,5.0,2 guests 1 bedroom 1 bed 1 bath,https://www.airbnb.com/rooms/561142891600065567?adults=1&children=0&infants=0&pets=0&check_in=2023-02-12&check_out=2023-02-17&previous_page_section_name=1000,Pantai,Cabin,2.0,1,1.0,2 guests 1 bedroom 1 bed 1 bath,1.0,2.7815196,101.9931586
243,cerrado southville city,Apartment in Kajang,140.0,0,0.0,0.0,4 guests 1 bedroom 1 bed 1 bath,https://www.airbnb.com/rooms/776013031023640859?adults=1&children=0&infants=0&pets=0&check_in=2023-02-04&check_out=2023-02-09&previous_page_section_name=1000,Kajang,Apartment,4.0,1,1.0,4 guests 1 bedroom 1 bed 1 bath,1.0,2.9948437,101.7896595
245,Relax able 1BR Suites In @arte mont kiara,Apartment in Kuala Lumpur,120.0,0,0.0,0.0,2 guests 1 bedroom 1 bed 1 bath,https://www.airbnb.com/rooms/817244607727771740?adults=1&children=0&infants=0&pets=0&check_in=2023-02-04&check_out=2023-02-09&previous_page_section_name=1000,Kuala Lumpur,Apartment,2.0,1,1.0,2 guests 1 bedroom 1 bed 1 bath,1.0,3.1516964,101.6942371
246,Astounding Klcc View Studio @ Colony@Infinity Pool,Apartment in Kuala Lumpur,114.0,0,0.0,0.0,2 guests 1 bedroom 1 bed 1 bath,https://www.airbnb.com/rooms/790902182534105508?adults=1&children=0&infants=0&pets=0&check_in=2023-02-03&check_out=2023-02-10&previous_page_section_name=1000,Kuala Lumpur,Apartment,2.0,1,1.0,2 guests 1 bedroom 1 bed 1 bath,1.0,3.1516964,101.6942371
247,Family Suite Condo Mont Kiara 20,Apartment in Kuala Lumpur,185.0,0,0.0,0.0,4 guests 2 bedrooms 2 beds 2 baths,https://www.airbnb.com/rooms/810047156491033989?adults=1&children=0&infants=0&pets=0&check_in=2023-02-03&check_out=2023-02-08&previous_page_section_name=1000,Kuala Lumpur,Apartment,4.0,2,2.0,4 guests 2 bedrooms 2 beds 2 baths,2.0,3.1516964,101.6942371
249,"üëëYussy 30pax BIG Family KTV, Pool, BBQ in A‚ÄôFamosa",Bungalow in Alor Gajah,966.0,1,4.58,19.0,16+ guests 6 bedrooms 14 beds 3.5 baths,https://www.airbnb.com/rooms/52993423?adults=1&children=0&infants=0&pets=0&check_in=2023-02-05&check_out=2023-02-11&previous_page_section_name=1000,Alor Gajah,Bungalow,16.0,6,14.0,16+ guests 6 bedrooms 14 beds 3.5 baths,3.5,2.3834528,102.2107805
250,"#1 Summer Studio - Netflix , Wifi  ( Sanitized )",Condo in Seri Kembangan,126.0,1,4.95,255.0,5 guests Studio 1 bed 1 bath,https://www.airbnb.com/rooms/23988065?adults=1&children=0&infants=0&pets=0&check_in=2023-02-06&check_out=2023-02-11&previous_page_section_name=1000,Seri Kembangan,Condo,5.0,1,1.0,5 guests Studio 1 bed 1 bath,1.0,3.0340649,101.7055684
251,Bangi Wonderland Staycation,Condo in Kajang,158.0,1,4.94,16.0,10 guests 3 bedrooms 5 beds 3 baths,https://www.airbnb.com/rooms/52466250?adults=1&children=0&infants=0&pets=0&check_in=2023-02-05&check_out=2023-02-10&previous_page_section_name=1000,Kajang,Condo,10.0,3,5.0,10 guests 3 bedrooms 5 beds 3 baths,3.0,2.9948437,101.7896595
252,"Train Forest: Heaven 4 Nature lovers,  close to KL",Chalet in Seremban,582.0,0,4.46,87.0,7 guests 2 bedrooms 2 beds 3 baths,https://www.airbnb.com/rooms/9465221?adults=1&children=0&infants=0&pets=0&check_in=2023-02-06&check_out=2023-02-13&previous_page_section_name=1000,Seremban,Chalet,7.0,2,2.0,7 guests 2 bedrooms 2 beds 3 baths,3.0,2.7187881,101.9404509
253,Bahagia 137 homestay with Private Pool,Home in Port Dickson,551.0,1,5.0,18.0,11 guests 3 bedrooms 7 beds 2 baths,https://www.airbnb.com/rooms/702102240860155892?adults=1&children=0&infants=0&pets=0&check_in=2023-02-12&check_out=2023-02-17&previous_page_section_name=1000,Port Dickson,Home,11.0,3,7.0,11 guests 3 bedrooms 7 beds 2 baths,2.0,2.5228943,101.7945134
254,Modern Minimalist House near KL,Condo in Kuala Lumpur,310.0,0,5.0,13.0,4 guests 1 bedroom 2 beds 1 bath,https://www.airbnb.com/rooms/753255591265641107?adults=1&children=0&infants=0&pets=0&check_in=2023-03-05&check_out=2023-03-10&previous_page_section_name=1000,Kuala Lumpur,Condo,4.0,1,2.0,4 guests 1 bedroom 2 beds 1 bath,1.0,3.1516964,101.6942371
255,Golden Continew 2Bedrooms TRX KL,Apartment in Kuala Lumpur,196.0,1,0.0,0.0,6 guests 2 bedrooms 4 beds 2 baths,https://www.airbnb.com/rooms/817061040412383779?adults=1&children=0&infants=0&pets=0&check_in=2023-02-12&check_out=2023-02-17&previous_page_section_name=1000,Kuala Lumpur,Apartment,6.0,2,4.0,6 guests 2 bedrooms 4 beds 2 baths,2.0,3.1516964,101.6942371
256,Windmill Villa @ Genting Sempah - Wind & Nature,Villa in Bentong,1646.0,1,4.93,68.0,16+ guests 5 bedrooms 10 beds 5 baths,https://www.airbnb.com/rooms/47261188?adults=1&children=0&infants=0&pets=0&check_in=2023-02-19&check_out=2023-02-25&previous_page_section_name=1000,Bentong,Villa,16.0,5,10.0,16+ guests 5 bedrooms 10 beds 5 baths,5.0,3.3624708,102.0172675
257,One 5 Residence Homestay Bungalow 15rooms 38pax,Bungalow in Puchong,1712.0,1,4.65,68.0,16+ guests 15 bedrooms 22 beds 14 baths,https://www.airbnb.com/rooms/21313686?adults=1&children=0&infants=0&pets=0&check_in=2023-03-26&check_out=2023-03-31&previous_page_section_name=1000,Puchong,Bungalow,16.0,15,22.0,16+ guests 15 bedrooms 22 beds 14 baths,14.0,3.0342324,101.6170345
258,Jelatok Retreat Farm (Room 1),Private room in Lenggeng,491.0,0,0.0,0.0,4 guests 1 bedroom 2 beds 1 private bath,https://www.airbnb.com/rooms/792338109683406096?adults=1&children=0&infants=0&pets=0&check_in=2023-02-07&check_out=2023-02-12&previous_page_section_name=1000,Lenggeng,Private room,4.0,1,1.0,4 guests 1 bedroom 2 beds 1  bath,1.0,2.861427,101.943388
259,"Kemuning City, Shah Alam luxury Condo, near Subang",Private room in Shah Alam,185.0,1,4.95,57.0,5 guests 3 bedrooms 3 beds 2 baths,https://www.airbnb.com/rooms/41204131?adults=1&children=0&infants=0&pets=0&check_in=2023-02-03&check_out=2023-02-08&previous_page_section_name=1000,Shah Alam,Private room,5.0,3,3.0,5 guests 3 bedrooms 3 beds 2 baths,2.0,3.0733644,101.5195149
260,[KYO] 2pax Japanese loft NO WIFI Freeparking nilai,Condo in Nilai,80.0,1,5.0,5.0,2 guests 1 bedroom 1 bed 1 bath,https://www.airbnb.com/rooms/601292847275443844?adults=1&children=0&infants=0&pets=0&check_in=2023-02-06&check_out=2023-02-11&previous_page_section_name=1000,Nilai,Condo,2.0,1,1.0,2 guests 1 bedroom 1 bed 1 bath,1.0,2.8023079,101.7995013
261,*NAT [PROMO] FREE NETFLIX WIFI 2 BEDROOM 4PX NILAI,Condo in Nilai,115.0,1,4.86,56.0,4 guests 2 bedrooms 3 beds 2 baths,https://www.airbnb.com/rooms/49108942?adults=1&children=0&infants=0&pets=0&check_in=2023-02-25&check_out=2023-03-02&previous_page_section_name=1000,Nilai,Condo,4.0,2,3.0,4 guests 2 bedrooms 3 beds 2 baths,2.0,2.8023079,101.7995013
262,FULL HOUSE NEAR KLIA/KLIA2/NILAI/SEPANG/CYBERJAYA,Condo in Sepang,67.0,1,4.86,7.0,2 guests Studio 2 beds 1 bath,https://www.airbnb.com/rooms/42520086?adults=1&children=0&infants=0&pets=0&check_in=2023-02-04&check_out=2023-02-09&previous_page_section_name=1000,Sepang,Condo,2.0,1,2.0,2 guests Studio 2 beds 1 bath,1.0,2.76020875,101.73686570150568
263,SAZ GUESTHOUSE - Pool View (A20),Condo in Semenyih,226.0,1,3.67,3.0,4 guests 2 bedrooms 2 beds 1 bath,https://www.airbnb.com/rooms/547556750209901363?adults=1&children=0&infants=0&pets=0&check_in=2023-02-05&check_out=2023-02-10&previous_page_section_name=1000,Semenyih,Condo,4.0,2,2.0,4 guests 2 bedrooms 2 beds 1 bath,1.0,2.9473911,101.8459911
264,Aurora Home with Private Pool,Villa in Port Dickson,1690.0,1,4.93,28.0,16+ guests 4 bedrooms 6 beds 5 baths,https://www.airbnb.com/rooms/47280968?adults=1&children=0&infants=0&pets=0&check_in=2023-02-05&check_out=2023-02-10&previous_page_section_name=1000,Port Dickson,Villa,16.0,4,6.0,16+ guests 4 bedrooms 6 beds 5 baths,5.0,2.5228943,101.7945134
265,Rumah Kebun @ Trigofarm Retreat,Farm stay in Mantin,1315.0,1,4.84,45.0,12 guests 3 bedrooms 6 beds 3 baths,https://www.airbnb.com/rooms/35548563?adults=1&children=0&infants=0&pets=0&check_in=2023-02-06&check_out=2023-02-11&previous_page_section_name=1000,Mantin,Farm stay,12.0,3,6.0,12 guests 3 bedrooms 6 beds 3 baths,3.0,2.825719,101.893793
266,Jiaxin Homestay Semenyih Broga Kajang Selangor,Private room in Semenyih,207.0,0,0.0,0.0,2 guests 1 bedroom 1 bed 1.5 baths,https://www.airbnb.com/rooms/34833256?adults=1&children=0&infants=0&pets=0&check_in=2023-02-04&check_out=2023-02-10&previous_page_section_name=1000,Semenyih,Private room,2.0,1,1.0,2 guests 1 bedroom 1 bed 1.5 baths,1.5,2.9473911,101.8459911
267,Tokido Executive Water Villa Private Unit,Chalet in Port Dickson,470.0,0,4.74,88.0,4 guests 1 bedroom 2 beds 1 bath,https://www.airbnb.com/rooms/37679839?adults=1&children=0&infants=0&pets=0&check_in=2023-03-19&check_out=2023-03-24&previous_page_section_name=1000,Port Dickson,Chalet,4.0,1,2.0,4 guests 1 bedroom 2 beds 1 bath,1.0,2.5228943,101.7945134
269,Cozy Little Muji Home Kepong Nice View MRT E03A D,Condo in Kuala Lumpur,230.0,1,0.0,0.0,7 guests 3 bedrooms 4 beds 2 baths,https://www.airbnb.com/rooms/817127867800726720?adults=1&children=0&infants=0&pets=0&check_in=2023-02-08&check_out=2023-02-14&previous_page_section_name=1000,Kuala Lumpur,Condo,7.0,3,4.0,7 guests 3 bedrooms 4 beds 2 baths,2.0,3.1516964,101.6942371
